name,tpye10_T1.G.1_T1.G.1_gap2,tpye10_T1.G.1_T1.G.2_gap2,tpye10_T1.G.2_T1.G.1_gap2,tpye10_T1.G.2_T1.G.2_gap2,target
CPP_positive_1,0.0,0.0,1.0,3.0,1
CPP_positive_2,0.0,2.0,1.0,3.0,1
CPP_positive_3,0.0,1.0,2.0,5.0,1
CPP_positive_4,0.0,3.0,3.0,3.0,1
CPP_positive_5,0.0,1.0,4.0,1.0,1
CPP_positive_6,0.0,1.0,0.0,3.0,1
CPP_positive_7,0.0,0.0,2.0,2.0,1
CPP_positive_8,1.0,1.0,0.0,2.0,1
CPP_positive_9,0.0,1.0,0.0,3.0,1
CPP_positive_10,0.0,0.0,3.0,1.0,1
CPP_positive_11,0.0,1.0,1.0,3.0,1
CPP_positive_12,0.0,2.0,3.0,4.0,1
CPP_positive_13,0.0,1.0,1.0,1.0,1
CPP_positive_14,1.0,2.0,1.0,6.0,1
CPP_positive_15,0.0,0.0,0.0,3.0,1
CPP_positive_16,0.0,1.0,3.0,6.0,1
CPP_positive_17,2.0,0.0,1.0,1.0,1
CPP_positive_18,0.0,1.0,0.0,3.0,1
CPP_positive_19,0.0,2.0,1.0,2.0,1
CPP_positive_20,3.0,2.0,1.0,1.0,1
CPP_positive_21,0.0,3.0,1.0,2.0,1
CPP_positive_22,0.0,1.0,0.0,4.0,1
CPP_positive_23,0.0,1.0,1.0,4.0,1
CPP_positive_24,0.0,2.0,1.0,2.0,1
CPP_positive_25,0.0,1.0,0.0,5.0,1
CPP_positive_26,2.0,1.0,1.0,5.0,1
CPP_positive_27,1.0,3.0,3.0,2.0,1
CPP_positive_28,0.0,1.0,1.0,4.0,1
CPP_positive_29,0.0,0.0,2.0,3.0,1
CPP_positive_30,1.0,1.0,1.0,3.0,1
CPP_positive_31,1.0,2.0,2.0,0.0,1
CPP_positive_32,0.0,1.0,3.0,2.0,1
CPP_positive_33,0.0,3.0,0.0,2.0,1
CPP_positive_34,0.0,3.0,2.0,0.0,1
CPP_positive_35,0.0,1.0,1.0,4.0,1
CPP_positive_36,0.0,2.0,2.0,0.0,1
CPP_positive_37,0.0,1.0,2.0,4.0,1
CPP_positive_38,1.0,2.0,0.0,4.0,1
CPP_positive_39,1.0,0.0,2.0,1.0,1
CPP_positive_40,0.0,1.0,0.0,3.0,1
CPP_positive_41,2.0,1.0,3.0,2.0,1
CPP_positive_42,1.0,3.0,2.0,0.0,1
CPP_positive_43,0.0,0.0,0.0,5.0,1
CPP_positive_44,0.0,1.0,0.0,3.0,1
CPP_positive_45,0.0,1.0,4.0,1.0,1
CPP_positive_46,2.0,0.0,0.0,1.0,1
CPP_positive_47,0.0,0.0,0.0,3.0,1
CPP_positive_48,0.0,1.0,1.0,5.0,1
CPP_positive_49,0.0,2.0,0.0,4.0,1
CPP_positive_50,0.0,2.0,0.0,1.0,1
CPP_positive_51,0.0,3.0,0.0,2.0,1
CPP_positive_52,0.0,0.0,0.0,4.0,1
CPP_positive_53,0.0,0.0,2.0,2.0,1
CPP_positive_54,0.0,0.0,1.0,4.0,1
CPP_positive_55,0.0,3.0,2.0,2.0,1
CPP_positive_56,0.0,0.0,2.0,4.0,1
CPP_positive_57,0.0,1.0,3.0,4.0,1
CPP_positive_58,0.0,0.0,0.0,4.0,1
CPP_positive_59,1.0,1.0,2.0,4.0,1
CPP_positive_60,0.0,1.0,0.0,3.0,1
CPP_positive_61,2.0,0.0,0.0,7.0,1
CPP_positive_62,0.0,1.0,1.0,4.0,1
CPP_positive_63,1.0,2.0,0.0,5.0,1
CPP_positive_64,2.0,2.0,2.0,0.0,1
CPP_positive_65,4.0,3.0,0.0,1.0,1
CPP_positive_66,0.0,1.0,1.0,2.0,1
CPP_positive_67,0.0,1.0,2.0,3.0,1
CPP_positive_68,1.0,1.0,0.0,2.0,1
CPP_positive_69,1.0,1.0,2.0,4.0,1
CPP_positive_70,0.0,1.0,2.0,2.0,1
CPP_positive_71,0.0,3.0,0.0,3.0,1
CPP_positive_72,0.0,1.0,0.0,7.0,1
CPP_positive_73,0.0,0.0,0.0,4.0,1
CPP_positive_74,0.0,1.0,0.0,4.0,1
CPP_positive_75,0.0,0.0,0.0,7.0,1
CPP_positive_76,0.0,0.0,0.0,3.0,1
CPP_positive_77,0.0,0.0,2.0,2.0,1
CPP_positive_78,0.0,2.0,0.0,2.0,1
CPP_positive_79,1.0,0.0,0.0,2.0,1
CPP_positive_80,1.0,2.0,0.0,1.0,1
CPP_positive_81,3.0,0.0,2.0,5.0,1
CPP_positive_82,0.0,1.0,1.0,3.0,1
CPP_positive_83,3.0,0.0,0.0,3.0,1
CPP_positive_84,2.0,1.0,2.0,4.0,1
CPP_positive_85,2.0,1.0,0.0,1.0,1
CPP_positive_86,0.0,0.0,1.0,5.0,1
CPP_positive_87,0.0,4.0,3.0,0.0,1
CPP_positive_88,0.0,1.0,1.0,6.0,1
CPP_positive_89,2.0,1.0,0.0,3.0,1
CPP_positive_90,0.0,0.0,1.0,4.0,1
CPP_positive_91,1.0,1.0,1.0,5.0,1
CPP_positive_92,0.0,3.0,0.0,1.0,1
CPP_positive_93,3.0,2.0,1.0,3.0,1
CPP_positive_94,0.0,2.0,3.0,3.0,1
CPP_positive_95,0.0,1.0,2.0,2.0,1
CPP_positive_96,0.0,0.0,0.0,4.0,1
CPP_positive_97,1.0,2.0,0.0,1.0,1
CPP_positive_98,1.0,2.0,0.0,2.0,1
CPP_positive_99,1.0,1.0,0.0,1.0,1
CPP_positive_100,0.0,1.0,0.0,1.0,1
CPP_positive_101,0.0,2.0,0.0,1.0,1
CPP_positive_102,0.0,1.0,2.0,1.0,1
CPP_positive_103,0.0,0.0,0.0,4.0,1
CPP_positive_104,0.0,4.0,2.0,4.0,1
CPP_positive_105,1.0,2.0,2.0,1.0,1
CPP_positive_106,0.0,1.0,2.0,0.0,1
CPP_positive_107,0.0,1.0,2.0,5.0,1
CPP_positive_108,0.0,0.0,3.0,1.0,1
CPP_positive_109,0.0,1.0,0.0,3.0,1
CPP_positive_110,0.0,0.0,0.0,4.0,1
CPP_positive_111,1.0,1.0,1.0,3.0,1
CPP_positive_112,0.0,1.0,2.0,2.0,1
CPP_positive_113,1.0,1.0,0.0,2.0,1
CPP_positive_114,3.0,1.0,0.0,3.0,1
CPP_positive_115,0.0,0.0,1.0,3.0,1
CPP_positive_116,0.0,0.0,2.0,2.0,1
CPP_positive_117,0.0,1.0,3.0,2.0,1
CPP_positive_118,0.0,3.0,1.0,1.0,1
CPP_positive_119,0.0,1.0,0.0,3.0,1
CPP_positive_120,3.0,1.0,2.0,3.0,1
CPP_positive_121,2.0,0.0,0.0,2.0,1
CPP_positive_122,2.0,1.0,2.0,4.0,1
CPP_positive_123,0.0,2.0,0.0,7.0,1
CPP_positive_124,0.0,3.0,1.0,1.0,1
CPP_positive_125,0.0,1.0,2.0,1.0,1
CPP_positive_126,1.0,2.0,1.0,2.0,1
CPP_positive_127,0.0,2.0,2.0,5.0,1
CPP_positive_128,0.0,2.0,3.0,1.0,1
CPP_positive_129,0.0,3.0,2.0,1.0,1
CPP_positive_130,0.0,1.0,4.0,1.0,1
CPP_positive_131,0.0,0.0,1.0,5.0,1
CPP_positive_132,0.0,2.0,2.0,2.0,1
CPP_positive_133,0.0,2.0,2.0,2.0,1
CPP_positive_134,1.0,6.0,1.0,1.0,1
CPP_positive_135,0.0,1.0,1.0,2.0,1
CPP_positive_136,1.0,2.0,1.0,3.0,1
CPP_positive_137,0.0,1.0,2.0,3.0,1
CPP_positive_138,1.0,0.0,0.0,4.0,1
CPP_positive_139,1.0,1.0,1.0,4.0,1
CPP_positive_140,1.0,2.0,1.0,5.0,1
CPP_positive_141,1.0,1.0,1.0,2.0,1
CPP_positive_142,0.0,1.0,2.0,2.0,1
CPP_positive_143,0.0,1.0,0.0,4.0,1
CPP_positive_144,1.0,1.0,1.0,2.0,1
CPP_positive_145,0.0,3.0,0.0,3.0,1
CPP_positive_146,1.0,1.0,2.0,6.0,1
CPP_positive_147,1.0,2.0,0.0,5.0,1
CPP_positive_148,1.0,3.0,0.0,4.0,1
CPP_positive_149,0.0,0.0,2.0,6.0,1
CPP_positive_150,1.0,1.0,4.0,3.0,1
CPP_positive_151,1.0,1.0,0.0,6.0,1
CPP_positive_152,0.0,0.0,2.0,6.0,1
CPP_positive_153,0.0,1.0,3.0,4.0,1
CPP_positive_154,2.0,0.0,0.0,8.0,1
CPP_positive_155,0.0,3.0,0.0,1.0,1
CPP_positive_156,0.0,0.0,0.0,9.0,1
CPP_positive_157,0.0,0.0,0.0,10.0,1
CPP_positive_158,0.0,0.0,0.0,10.0,1
CPP_positive_159,0.0,2.0,4.0,2.0,1
CPP_positive_160,1.0,3.0,1.0,4.0,1
CPP_positive_161,2.0,3.0,1.0,1.0,1
CPP_positive_162,3.0,2.0,1.0,1.0,1
CPP_positive_163,2.0,2.0,2.0,2.0,1
CPP_positive_164,0.0,2.0,1.0,3.0,1
CPP_positive_165,2.0,1.0,2.0,3.0,1
CPP_positive_166,2.0,0.0,2.0,2.0,1
CPP_positive_167,1.0,0.0,3.0,3.0,1
CPP_positive_168,0.0,0.0,0.0,8.0,1
CPP_positive_169,2.0,1.0,2.0,1.0,1
CPP_positive_170,2.0,1.0,2.0,1.0,1
CPP_positive_171,1.0,2.0,0.0,2.0,1
CPP_positive_172,2.0,2.0,1.0,2.0,1
CPP_positive_173,0.0,2.0,0.0,2.0,1
CPP_positive_174,0.0,3.0,2.0,2.0,1
CPP_positive_175,2.0,0.0,1.0,4.0,1
CPP_positive_176,1.0,1.0,1.0,7.0,1
CPP_positive_177,0.0,1.0,2.0,4.0,1
CPP_positive_178,0.0,0.0,4.0,0.0,1
CPP_positive_179,2.0,0.0,2.0,5.0,1
CPP_positive_180,0.0,6.0,1.0,2.0,1
CPP_positive_181,0.0,1.0,2.0,4.0,1
CPP_positive_182,0.0,1.0,2.0,4.0,1
CPP_positive_183,0.0,0.0,1.0,6.0,1
CPP_positive_184,0.0,2.0,3.0,1.0,1
CPP_positive_185,0.0,1.0,2.0,2.0,1
CPP_positive_186,1.0,3.0,2.0,0.0,1
CPP_positive_187,0.0,2.0,0.0,3.0,1
CPP_positive_188,0.0,2.0,2.0,1.0,1
CPP_positive_189,0.0,4.0,1.0,5.0,1
CPP_positive_190,2.0,1.0,0.0,7.0,1
CPP_positive_191,0.0,1.0,2.0,6.0,1
CPP_positive_192,0.0,2.0,1.0,2.0,1
CPP_positive_193,1.0,1.0,0.0,3.0,1
CPP_positive_194,0.0,0.0,3.0,3.0,1
CPP_positive_195,0.0,2.0,2.0,3.0,1
CPP_positive_196,2.0,0.0,0.0,4.0,1
CPP_positive_197,2.0,1.0,0.0,3.0,1
CPP_positive_198,1.0,1.0,1.0,3.0,1
CPP_positive_199,0.0,2.0,2.0,6.0,1
CPP_positive_200,1.0,3.0,0.0,3.0,1
CPP_positive_201,0.0,1.0,0.0,6.0,1
CPP_positive_202,1.0,3.0,0.0,3.0,1
CPP_positive_203,1.0,0.0,1.0,3.0,1
CPP_positive_204,0.0,1.0,0.0,3.0,1
CPP_positive_205,0.0,1.0,0.0,3.0,1
CPP_positive_206,0.0,1.0,1.0,5.0,1
CPP_positive_207,2.0,0.0,1.0,3.0,1
CPP_positive_208,0.0,1.0,0.0,6.0,1
CPP_positive_209,2.0,1.0,2.0,3.0,1
CPP_positive_210,1.0,1.0,0.0,2.0,1
CPP_positive_211,1.0,0.0,1.0,2.0,1
CPP_positive_212,0.0,0.0,4.0,0.0,1
CPP_positive_213,1.0,0.0,1.0,3.0,1
CPP_positive_214,0.0,2.0,2.0,1.0,1
CPP_positive_215,0.0,2.0,2.0,1.0,1
CPP_positive_216,0.0,2.0,2.0,1.0,1
CPP_positive_217,0.0,1.0,3.0,1.0,1
CPP_positive_218,0.0,1.0,1.0,4.0,1
CPP_positive_219,0.0,1.0,1.0,4.0,1
CPP_positive_220,0.0,1.0,0.0,5.0,1
CPP_positive_221,0.0,1.0,0.0,4.0,1
CPP_positive_222,0.0,1.0,0.0,4.0,1
CPP_positive_223,1.0,1.0,1.0,2.0,1
CPP_positive_224,0.0,0.0,1.0,4.0,1
CPP_positive_225,0.0,3.0,1.0,4.0,1
CPP_positive_226,0.0,2.0,2.0,4.0,1
CPP_positive_227,2.0,2.0,0.0,2.0,1
CPP_positive_228,0.0,1.0,2.0,1.0,1
CPP_positive_229,0.0,3.0,0.0,6.0,1
CPP_positive_230,0.0,2.0,0.0,8.0,1
CPP_positive_231,2.0,4.0,3.0,0.0,1
CPP_positive_232,0.0,1.0,2.0,1.0,1
CPP_positive_233,0.0,0.0,0.0,5.0,1
CPP_positive_234,2.0,0.0,0.0,3.0,1
CPP_positive_235,1.0,0.0,1.0,3.0,1
CPP_positive_236,0.0,0.0,0.0,5.0,1
CPP_positive_237,0.0,0.0,1.0,4.0,1
CPP_positive_238,1.0,2.0,1.0,3.0,1
CPP_positive_239,0.0,0.0,0.0,7.0,1
CPP_positive_240,0.0,3.0,3.0,4.0,1
CPP_positive_241,2.0,3.0,2.0,3.0,1
CPP_positive_242,1.0,3.0,2.0,1.0,1
CPP_positive_243,0.0,1.0,4.0,1.0,1
CPP_positive_244,0.0,0.0,0.0,9.0,1
CPP_positive_245,0.0,2.0,1.0,3.0,1
CPP_positive_246,2.0,2.0,2.0,3.0,1
CPP_positive_247,1.0,2.0,2.0,4.0,1
CPP_positive_248,1.0,2.0,3.0,3.0,1
CPP_positive_249,0.0,1.0,4.0,1.0,1
CPP_positive_250,2.0,2.0,4.0,1.0,1
CPP_positive_251,1.0,1.0,3.0,1.0,1
CPP_positive_252,0.0,3.0,2.0,1.0,1
CPP_positive_253,1.0,1.0,1.0,3.0,1
CPP_positive_254,1.0,1.0,1.0,3.0,1
CPP_positive_255,0.0,1.0,4.0,1.0,1
CPP_positive_256,0.0,1.0,4.0,1.0,1
CPP_positive_257,3.0,0.0,0.0,3.0,1
CPP_positive_258,0.0,2.0,2.0,1.0,1
CPP_positive_259,1.0,1.0,1.0,1.0,1
CPP_positive_260,0.0,0.0,0.0,6.0,1
CPP_positive_261,0.0,0.0,0.0,6.0,1
CPP_positive_262,0.0,0.0,0.0,6.0,1
CPP_positive_263,0.0,3.0,3.0,0.0,1
CPP_positive_264,0.0,0.0,1.0,4.0,1
CPP_positive_265,1.0,2.0,1.0,3.0,1
CPP_positive_266,0.0,3.0,2.0,4.0,1
CPP_positive_267,1.0,4.0,0.0,5.0,1
CPP_positive_268,0.0,4.0,1.0,4.0,1
CPP_positive_269,1.0,2.0,2.0,4.0,1
CPP_positive_270,0.0,1.0,0.0,4.0,1
CPP_positive_271,0.0,1.0,3.0,1.0,1
CPP_positive_272,1.0,0.0,3.0,1.0,1
CPP_positive_273,1.0,1.0,1.0,3.0,1
CPP_positive_274,0.0,1.0,1.0,3.0,1
CPP_positive_275,0.0,1.0,2.0,7.0,1
CPP_positive_276,0.0,2.0,0.0,3.0,1
CPP_positive_277,0.0,0.0,0.0,6.0,1
CPP_positive_278,0.0,0.0,0.0,5.0,1
CPP_positive_279,0.0,3.0,2.0,0.0,1
CPP_positive_280,2.0,1.0,2.0,2.0,1
CPP_positive_281,1.0,0.0,2.0,1.0,1
CPP_positive_282,1.0,2.0,1.0,0.0,1
CPP_positive_283,1.0,3.0,0.0,4.0,1
CPP_positive_284,0.0,0.0,0.0,5.0,1
CPP_positive_285,0.0,1.0,1.0,5.0,1
CPP_positive_286,0.0,0.0,1.0,6.0,1
CPP_positive_287,1.0,0.0,1.0,5.0,1
CPP_positive_288,0.0,1.0,2.0,6.0,1
CPP_positive_289,0.0,0.0,2.0,6.0,1
CPP_positive_290,1.0,1.0,4.0,1.0,1
CPP_positive_291,3.0,2.0,1.0,1.0,1
CPP_positive_292,0.0,0.0,0.0,4.0,1
CPP_positive_293,2.0,3.0,1.0,3.0,1
CPP_positive_294,1.0,1.0,2.0,3.0,1
CPP_positive_295,0.0,0.0,0.0,4.0,1
CPP_positive_296,1.0,0.0,0.0,3.0,1
CPP_positive_297,1.0,0.0,0.0,3.0,1
CPP_positive_298,0.0,0.0,1.0,3.0,1
CPP_positive_299,3.0,0.0,0.0,2.0,1
CPP_positive_300,5.0,0.0,0.0,3.0,1
CPP_positive_301,1.0,1.0,1.0,2.0,1
CPP_positive_302,1.0,1.0,2.0,1.0,1
CPP_positive_303,4.0,0.0,0.0,1.0,1
CPP_positive_304,1.0,1.0,1.0,2.0,1
CPP_positive_305,1.0,0.0,2.0,3.0,1
CPP_positive_306,2.0,6.0,0.0,1.0,1
CPP_positive_307,0.0,0.0,0.0,4.0,1
CPP_positive_308,1.0,3.0,0.0,0.0,1
CPP_positive_309,0.0,3.0,0.0,3.0,1
CPP_positive_310,0.0,3.0,0.0,3.0,1
CPP_positive_311,0.0,1.0,2.0,6.0,1
CPP_positive_312,0.0,0.0,2.0,3.0,1
CPP_positive_313,1.0,3.0,1.0,1.0,1
CPP_positive_314,1.0,0.0,4.0,0.0,1
CPP_positive_315,2.0,1.0,2.0,4.0,1
CPP_positive_316,1.0,2.0,2.0,4.0,1
CPP_positive_317,0.0,4.0,2.0,4.0,1
CPP_positive_318,2.0,2.0,1.0,2.0,1
CPP_positive_319,0.0,2.0,0.0,6.0,1
CPP_positive_320,0.0,0.0,1.0,5.0,1
CPP_positive_321,0.0,0.0,0.0,5.0,1
CPP_positive_322,0.0,0.0,0.0,4.0,1
CPP_positive_323,0.0,0.0,0.0,5.0,1
CPP_positive_324,0.0,2.0,0.0,4.0,1
CPP_positive_325,0.0,1.0,0.0,5.0,1
CPP_positive_326,1.0,1.0,0.0,4.0,1
CPP_positive_327,0.0,0.0,1.0,3.0,1
CPP_positive_328,0.0,0.0,0.0,5.0,1
CPP_positive_329,2.0,1.0,0.0,1.0,1
CPP_positive_330,1.0,1.0,0.0,2.0,1
CPP_positive_331,1.0,1.0,0.0,2.0,1
CPP_positive_332,2.0,1.0,0.0,1.0,1
CPP_positive_333,1.0,1.0,3.0,2.0,1
CPP_positive_334,0.0,1.0,1.0,6.0,1
CPP_positive_335,0.0,1.0,1.0,2.0,1
CPP_positive_336,0.0,2.0,0.0,2.0,1
CPP_positive_337,0.0,0.0,1.0,3.0,1
CPP_positive_338,0.0,1.0,0.0,3.0,1
CPP_positive_339,1.0,1.0,0.0,2.0,1
CPP_positive_340,0.0,0.0,1.0,3.0,1
CPP_positive_341,0.0,1.0,0.0,3.0,1
CPP_positive_342,1.0,0.0,1.0,2.0,1
CPP_positive_343,0.0,0.0,2.0,2.0,1
CPP_positive_344,0.0,1.0,2.0,1.0,1
CPP_positive_345,0.0,0.0,2.0,2.0,1
CPP_positive_346,0.0,0.0,2.0,2.0,1
CPP_positive_347,0.0,0.0,2.0,2.0,1
CPP_positive_348,0.0,1.0,2.0,1.0,1
CPP_positive_349,0.0,0.0,1.0,3.0,1
CPP_positive_350,1.0,0.0,3.0,0.0,1
CPP_positive_351,0.0,3.0,0.0,1.0,1
CPP_positive_352,1.0,1.0,1.0,1.0,1
CPP_positive_353,1.0,1.0,0.0,2.0,1
CPP_positive_354,1.0,1.0,0.0,2.0,1
CPP_positive_355,1.0,0.0,2.0,1.0,1
CPP_positive_356,2.0,1.0,0.0,1.0,1
CPP_positive_357,0.0,0.0,2.0,2.0,1
CPP_positive_358,1.0,0.0,2.0,1.0,1
CPP_positive_359,0.0,2.0,1.0,1.0,1
CPP_positive_360,0.0,1.0,3.0,0.0,1
CPP_positive_361,1.0,1.0,0.0,2.0,1
CPP_positive_362,0.0,1.0,2.0,1.0,1
CPP_positive_363,0.0,1.0,2.0,1.0,1
CPP_positive_364,0.0,1.0,0.0,3.0,1
CPP_positive_365,0.0,0.0,3.0,1.0,1
CPP_positive_366,0.0,0.0,0.0,4.0,1
CPP_positive_367,0.0,1.0,1.0,2.0,1
CPP_positive_368,1.0,1.0,0.0,2.0,1
CPP_positive_369,0.0,0.0,1.0,3.0,1
CPP_positive_370,0.0,0.0,1.0,3.0,1
CPP_positive_371,1.0,2.0,0.0,1.0,1
CPP_positive_372,0.0,1.0,0.0,3.0,1
CPP_positive_373,0.0,1.0,1.0,2.0,1
CPP_positive_374,1.0,1.0,3.0,2.0,1
CPP_positive_375,2.0,2.0,1.0,4.0,1
CPP_positive_376,0.0,1.0,0.0,3.0,1
CPP_positive_377,0.0,1.0,0.0,3.0,1
CPP_positive_378,1.0,2.0,2.0,2.0,1
CPP_positive_379,2.0,0.0,2.0,6.0,1
CPP_positive_380,1.0,3.0,1.0,5.0,1
CPP_positive_381,0.0,3.0,1.0,6.0,1
CPP_positive_382,1.0,1.0,0.0,6.0,1
CPP_positive_383,1.0,1.0,1.0,2.0,1
CPP_positive_384,1.0,0.0,1.0,7.0,1
CPP_positive_385,1.0,1.0,2.0,2.0,1
CPP_positive_386,1.0,1.0,1.0,2.0,1
CPP_positive_387,0.0,2.0,2.0,0.0,1
CPP_positive_388,0.0,2.0,2.0,0.0,1
CPP_positive_389,0.0,0.0,2.0,3.0,1
CPP_positive_390,1.0,0.0,0.0,6.0,1
CPP_positive_391,3.0,0.0,3.0,3.0,1
CPP_positive_392,0.0,1.0,0.0,9.0,1
CPP_positive_393,1.0,1.0,0.0,7.0,1
CPP_positive_394,0.0,0.0,0.0,6.0,1
CPP_positive_395,2.0,1.0,0.0,7.0,1
CPP_positive_396,0.0,0.0,2.0,8.0,1
CPP_positive_397,0.0,0.0,0.0,11.0,1
CPP_positive_398,0.0,0.0,0.0,11.0,1
CPP_positive_399,1.0,3.0,2.0,4.0,1
CPP_positive_400,3.0,2.0,2.0,5.0,1
CPP_positive_401,0.0,0.0,0.0,12.0,1
CPP_positive_402,0.0,1.0,0.0,11.0,1
CPP_positive_403,1.0,5.0,2.0,2.0,1
CPP_positive_404,2.0,1.0,0.0,6.0,1
CPP_positive_405,1.0,1.0,1.0,5.0,1
CPP_positive_406,2.0,1.0,0.0,8.0,1
CPP_positive_407,0.0,2.0,2.0,8.0,1
CPP_positive_408,0.0,6.0,3.0,3.0,1
CPP_positive_409,0.0,2.0,1.0,2.0,1
CPP_positive_410,0.0,1.0,1.0,4.0,1
CPP_positive_411,0.0,1.0,1.0,4.0,1
CPP_positive_412,0.0,1.0,1.0,4.0,1
CPP_positive_413,0.0,1.0,1.0,4.0,1
CPP_positive_414,0.0,1.0,1.0,6.0,1
CPP_positive_415,0.0,1.0,1.0,6.0,1
CPP_positive_416,0.0,2.0,1.0,3.0,1
CPP_positive_417,1.0,2.0,0.0,4.0,1
CPP_positive_418,0.0,8.0,3.0,2.0,1
CPP_positive_419,0.0,4.0,3.0,6.0,1
CPP_positive_420,0.0,3.0,3.0,7.0,1
CPP_positive_421,0.0,4.0,3.0,6.0,1
CPP_positive_422,0.0,9.0,2.0,2.0,1
CPP_positive_423,0.0,4.0,2.0,7.0,1
CPP_positive_424,0.0,9.0,3.0,0.0,1
CPP_positive_425,5.0,1.0,0.0,7.0,1
CPP_positive_426,2.0,1.0,2.0,0.0,1
CPP_positive_427,1.0,2.0,2.0,2.0,1
CPP_positive_428,0.0,0.0,0.0,5.0,1
CPP_positive_429,0.0,0.0,0.0,5.0,1
CPP_positive_430,3.0,1.0,2.0,5.0,1
CPP_positive_431,1.0,1.0,0.0,3.0,1
CPP_positive_432,0.0,1.0,1.0,3.0,1
CPP_positive_433,0.0,4.0,2.0,4.0,1
CPP_positive_434,1.0,3.0,4.0,5.0,1
CPP_positive_435,2.0,2.0,3.0,4.0,1
CPP_positive_436,0.0,4.0,1.0,5.0,1
CPP_positive_437,1.0,2.0,2.0,6.0,1
CPP_positive_438,0.0,4.0,3.0,4.0,1
CPP_positive_439,1.0,4.0,4.0,4.0,1
CPP_positive_440,2.0,2.0,3.0,4.0,1
CPP_positive_441,0.0,4.0,4.0,3.0,1
CPP_positive_442,0.0,1.0,0.0,11.0,1
CPP_positive_443,1.0,0.0,1.0,2.0,1
CPP_positive_444,2.0,1.0,2.0,6.0,1
CPP_positive_445,1.0,2.0,1.0,7.0,1
CPP_positive_446,0.0,1.0,1.0,10.0,1
CPP_positive_447,2.0,3.0,3.0,4.0,1
CPP_positive_448,2.0,4.0,4.0,2.0,1
CPP_positive_449,0.0,0.0,1.0,10.0,1
CPP_positive_450,2.0,2.0,4.0,5.0,1
CPP_positive_451,1.0,4.0,0.0,6.0,1
CPP_positive_452,0.0,0.0,1.0,2.0,1
CPP_positive_453,0.0,0.0,0.0,13.0,1
CPP_positive_454,2.0,0.0,2.0,7.0,1
CPP_positive_455,0.0,4.0,3.0,5.0,1
CPP_positive_456,0.0,2.0,2.0,9.0,1
CPP_positive_457,1.0,3.0,1.0,7.0,1
CPP_positive_458,1.0,3.0,1.0,7.0,1
CPP_positive_459,2.0,2.0,3.0,3.0,1
CPP_positive_460,0.0,2.0,2.0,7.0,1
CPP_positive_461,1.0,3.0,5.0,4.0,1
CPP_positive_462,0.0,0.0,0.0,6.0,1
CPP_positive_463,0.0,1.0,0.0,2.0,1
CPP_positive_464,2.0,0.0,0.0,1.0,1
CPP_positive_465,1.0,1.0,1.0,0.0,1
CPP_positive_466,1.0,1.0,1.0,0.0,1
CPP_positive_467,1.0,1.0,1.0,0.0,1
CPP_positive_468,0.0,2.0,1.0,0.0,1
CPP_positive_469,1.0,1.0,0.0,2.0,1
CPP_positive_470,0.0,2.0,0.0,0.0,1
CPP_positive_471,0.0,0.0,0.0,6.0,1
CPP_positive_472,1.0,2.0,2.0,2.0,1
CPP_positive_473,0.0,0.0,1.0,3.0,1
CPP_positive_474,0.0,0.0,0.0,3.0,1
CPP_positive_475,0.0,1.0,2.0,0.0,1
CPP_positive_476,0.0,0.0,1.0,2.0,1
CPP_positive_477,1.0,0.0,2.0,3.0,1
CPP_positive_478,0.0,2.0,2.0,1.0,1
CPP_positive_479,1.0,1.0,1.0,1.0,1
CPP_positive_480,0.0,1.0,2.0,0.0,1
CPP_positive_481,2.0,1.0,0.0,1.0,1
CPP_positive_482,2.0,1.0,0.0,1.0,1
CPP_positive_483,2.0,1.0,0.0,0.0,1
CPP_positive_484,2.0,0.0,0.0,1.0,1
CPP_positive_485,1.0,1.0,0.0,2.0,1
CPP_positive_486,1.0,1.0,0.0,2.0,1
CPP_positive_487,2.0,1.0,0.0,0.0,1
CPP_positive_488,2.0,0.0,0.0,1.0,1
CPP_positive_489,2.0,1.0,0.0,0.0,1
CPP_positive_490,1.0,1.0,0.0,1.0,1
CPP_positive_491,1.0,1.0,1.0,0.0,1
CPP_positive_492,1.0,1.0,1.0,0.0,1
CPP_positive_493,0.0,1.0,1.0,0.0,1
CPP_positive_494,0.0,1.0,2.0,0.0,1
CPP_positive_495,0.0,0.0,0.0,3.0,1
CPP_positive_496,0.0,0.0,0.0,3.0,1
CPP_positive_497,0.0,0.0,0.0,3.0,1
CPP_positive_498,0.0,2.0,2.0,1.0,1
CPP_positive_499,0.0,2.0,2.0,1.0,1
CPP_positive_500,0.0,2.0,2.0,1.0,1
CPP_positive_501,0.0,1.0,2.0,2.0,1
CPP_positive_502,0.0,2.0,2.0,1.0,1
CPP_positive_503,0.0,1.0,2.0,2.0,1
CPP_positive_504,0.0,2.0,2.0,1.0,1
CPP_positive_505,0.0,2.0,2.0,1.0,1
CPP_positive_506,0.0,0.0,0.0,3.0,1
CPP_positive_507,0.0,1.0,2.0,2.0,1
CPP_positive_508,0.0,2.0,2.0,1.0,1
CPP_positive_509,0.0,0.0,0.0,3.0,1
CPP_positive_510,0.0,0.0,1.0,2.0,1
CPP_positive_511,0.0,0.0,1.0,2.0,1
CPP_positive_512,0.0,0.0,2.0,1.0,1
CPP_positive_513,1.0,2.0,1.0,3.0,1
CPP_positive_514,2.0,1.0,0.0,1.0,1
CPP_positive_515,1.0,1.0,0.0,2.0,1
CPP_positive_516,1.0,3.0,1.0,2.0,1
CPP_positive_517,0.0,1.0,0.0,2.0,1
CPP_positive_518,0.0,1.0,0.0,3.0,1
CPP_positive_519,0.0,1.0,0.0,3.0,1
CPP_positive_520,1.0,3.0,1.0,0.0,1
CPP_positive_521,0.0,0.0,2.0,6.0,1
CPP_positive_522,0.0,1.0,0.0,2.0,1
CPP_positive_523,0.0,1.0,0.0,2.0,1
CPP_positive_524,0.0,1.0,0.0,2.0,1
CPP_positive_525,0.0,0.0,1.0,2.0,1
CPP_positive_526,0.0,0.0,1.0,2.0,1
CPP_positive_527,0.0,0.0,0.0,2.0,1
CPP_positive_528,1.0,0.0,0.0,1.0,1
CPP_positive_529,1.0,0.0,0.0,1.0,1
CPP_positive_530,0.0,0.0,0.0,2.0,1
CPP_positive_531,1.0,0.0,1.0,5.0,1
CPP_positive_532,0.0,0.0,3.0,0.0,1
CPP_positive_533,0.0,1.0,0.0,2.0,1
CPP_positive_534,0.0,1.0,0.0,2.0,1
CPP_positive_535,2.0,0.0,0.0,7.0,1
CPP_positive_536,2.0,0.0,2.0,3.0,1
CPP_positive_537,0.0,0.0,0.0,8.0,1
CPP_positive_538,1.0,0.0,0.0,1.0,1
CPP_positive_539,0.0,1.0,2.0,5.0,1
CPP_positive_540,0.0,1.0,0.0,3.0,1
CPP_positive_541,0.0,1.0,1.0,4.0,1
CPP_positive_542,0.0,1.0,1.0,6.0,1
CPP_positive_543,0.0,0.0,0.0,12.0,1
CPP_positive_544,0.0,0.0,1.0,1.0,1
CPP_positive_545,0.0,1.0,0.0,2.0,1
CPP_positive_546,1.0,1.0,0.0,1.0,1
CPP_positive_547,0.0,0.0,0.0,2.0,1
CPP_positive_548,1.0,0.0,0.0,3.0,1
CPP_positive_549,0.0,0.0,0.0,5.0,1
CPP_positive_550,1.0,1.0,0.0,3.0,1
CPP_positive_551,1.0,1.0,0.0,3.0,1
CPP_positive_552,0.0,0.0,0.0,6.0,1
CPP_positive_553,0.0,1.0,0.0,3.0,1
CPP_positive_554,0.0,2.0,2.0,1.0,1
CPP_positive_555,1.0,1.0,2.0,1.0,1
CPP_positive_556,2.0,1.0,1.0,1.0,1
CPP_positive_557,0.0,2.0,0.0,5.0,1
CPP_positive_558,0.0,1.0,2.0,3.0,1
CPP_positive_559,0.0,3.0,2.0,0.0,1
CPP_positive_560,0.0,0.0,1.0,3.0,1
CPP_positive_561,2.0,1.0,2.0,3.0,1
CPP_positive_562,0.0,0.0,2.0,1.0,1
CPP_positive_563,0.0,2.0,1.0,0.0,1
CPP_positive_564,0.0,0.0,1.0,2.0,1
CPP_positive_565,1.0,1.0,0.0,1.0,1
CPP_positive_566,0.0,2.0,1.0,0.0,1
CPP_positive_567,1.0,1.0,0.0,1.0,1
CPP_positive_568,1.0,1.0,0.0,1.0,1
CPP_positive_569,1.0,1.0,0.0,1.0,1
CPP_positive_570,0.0,0.0,2.0,1.0,1
CPP_positive_571,1.0,2.0,0.0,1.0,1
CPP_positive_572,0.0,2.0,1.0,0.0,1
CPP_positive_573,0.0,2.0,1.0,0.0,1
CPP_negative_574,0.0,4.0,1.0,4.0,0
CPP_negative_575,1.0,3.0,1.0,2.0,0
CPP_negative_576,0.0,1.0,4.0,1.0,0
CPP_negative_577,0.0,0.0,5.0,5.0,0
CPP_negative_578,2.0,1.0,1.0,2.0,0
CPP_negative_579,0.0,2.0,2.0,1.0,0
CPP_negative_580,0.0,0.0,2.0,5.0,0
CPP_negative_581,0.0,0.0,1.0,7.0,0
CPP_negative_582,2.0,4.0,1.0,5.0,0
CPP_negative_583,0.0,1.0,2.0,2.0,0
CPP_negative_584,0.0,2.0,3.0,6.0,0
CPP_negative_585,2.0,1.0,1.0,1.0,0
CPP_negative_586,0.0,1.0,3.0,7.0,0
CPP_negative_587,0.0,2.0,0.0,3.0,0
CPP_negative_588,0.0,2.0,3.0,4.0,0
CPP_negative_589,1.0,2.0,0.0,3.0,0
CPP_negative_590,2.0,2.0,2.0,2.0,0
CPP_negative_591,1.0,1.0,4.0,2.0,0
CPP_negative_592,1.0,1.0,1.0,1.0,0
CPP_negative_593,1.0,1.0,0.0,3.0,0
CPP_negative_594,1.0,1.0,1.0,3.0,0
CPP_negative_595,1.0,3.0,3.0,3.0,0
CPP_negative_596,1.0,3.0,1.0,1.0,0
CPP_negative_597,3.0,1.0,1.0,1.0,0
CPP_negative_598,0.0,2.0,4.0,2.0,0
CPP_negative_599,1.0,4.0,1.0,0.0,0
CPP_negative_600,1.0,1.0,0.0,5.0,0
CPP_negative_601,1.0,0.0,3.0,3.0,0
CPP_negative_602,0.0,3.0,2.0,4.0,0
CPP_negative_603,1.0,1.0,2.0,4.0,0
CPP_negative_604,1.0,1.0,1.0,2.0,0
CPP_negative_605,2.0,1.0,0.0,4.0,0
CPP_negative_606,1.0,0.0,4.0,4.0,0
CPP_negative_607,0.0,1.0,3.0,2.0,0
CPP_negative_608,3.0,1.0,5.0,2.0,0
CPP_negative_609,0.0,4.0,2.0,3.0,0
CPP_negative_610,1.0,3.0,2.0,5.0,0
CPP_negative_611,1.0,0.0,0.0,4.0,0
CPP_negative_612,0.0,0.0,2.0,2.0,0
CPP_negative_613,2.0,1.0,1.0,0.0,0
CPP_negative_614,0.0,2.0,3.0,4.0,0
CPP_negative_615,0.0,1.0,2.0,2.0,0
CPP_negative_616,3.0,2.0,1.0,3.0,0
CPP_negative_617,1.0,1.0,8.0,1.0,0
CPP_negative_618,1.0,3.0,1.0,2.0,0
CPP_negative_619,1.0,0.0,0.0,2.0,0
CPP_negative_620,3.0,2.0,1.0,1.0,0
CPP_negative_621,0.0,2.0,1.0,2.0,0
CPP_negative_622,0.0,2.0,2.0,0.0,0
CPP_negative_623,0.0,4.0,1.0,1.0,0
CPP_negative_624,0.0,1.0,0.0,2.0,0
CPP_negative_625,2.0,2.0,0.0,4.0,0
CPP_negative_626,1.0,1.0,3.0,2.0,0
CPP_negative_627,0.0,1.0,1.0,2.0,0
CPP_negative_628,0.0,1.0,1.0,4.0,0
CPP_negative_629,0.0,1.0,3.0,0.0,0
CPP_negative_630,1.0,3.0,0.0,2.0,0
CPP_negative_631,1.0,0.0,3.0,3.0,0
CPP_negative_632,3.0,2.0,1.0,2.0,0
CPP_negative_633,1.0,2.0,1.0,4.0,0
CPP_negative_634,2.0,3.0,3.0,2.0,0
CPP_negative_635,0.0,1.0,1.0,1.0,0
CPP_negative_636,0.0,4.0,2.0,2.0,0
CPP_negative_637,1.0,3.0,4.0,0.0,0
CPP_negative_638,0.0,3.0,4.0,0.0,0
CPP_negative_639,0.0,1.0,1.0,2.0,0
CPP_negative_640,2.0,3.0,1.0,4.0,0
CPP_negative_641,2.0,0.0,1.0,1.0,0
CPP_negative_642,0.0,1.0,1.0,0.0,0
CPP_negative_643,0.0,3.0,3.0,4.0,0
CPP_negative_644,1.0,1.0,1.0,2.0,0
CPP_negative_645,4.0,1.0,2.0,2.0,0
CPP_negative_646,0.0,0.0,1.0,1.0,0
CPP_negative_647,2.0,1.0,0.0,3.0,0
CPP_negative_648,1.0,2.0,0.0,3.0,0
CPP_negative_649,1.0,1.0,0.0,1.0,0
CPP_negative_650,0.0,0.0,1.0,4.0,0
CPP_negative_651,0.0,3.0,2.0,1.0,0
CPP_negative_652,1.0,5.0,0.0,4.0,0
CPP_negative_653,1.0,0.0,0.0,1.0,0
CPP_negative_654,2.0,2.0,2.0,2.0,0
CPP_negative_655,0.0,1.0,5.0,3.0,0
CPP_negative_656,0.0,2.0,3.0,2.0,0
CPP_negative_657,0.0,1.0,3.0,5.0,0
CPP_negative_658,2.0,2.0,2.0,4.0,0
CPP_negative_659,2.0,1.0,1.0,2.0,0
CPP_negative_660,0.0,2.0,0.0,1.0,0
CPP_negative_661,0.0,0.0,1.0,4.0,0
CPP_negative_662,0.0,1.0,1.0,3.0,0
CPP_negative_663,0.0,1.0,0.0,1.0,0
CPP_negative_664,0.0,2.0,3.0,2.0,0
CPP_negative_665,0.0,1.0,1.0,7.0,0
CPP_negative_666,3.0,1.0,2.0,2.0,0
CPP_negative_667,3.0,1.0,2.0,4.0,0
CPP_negative_668,0.0,3.0,1.0,1.0,0
CPP_negative_669,2.0,2.0,1.0,6.0,0
CPP_negative_670,3.0,2.0,3.0,3.0,0
CPP_negative_671,0.0,0.0,2.0,2.0,0
CPP_negative_672,3.0,2.0,1.0,4.0,0
CPP_negative_673,2.0,3.0,4.0,3.0,0
CPP_negative_674,0.0,0.0,0.0,4.0,0
CPP_negative_675,1.0,2.0,1.0,3.0,0
CPP_negative_676,3.0,4.0,0.0,3.0,0
CPP_negative_677,0.0,2.0,0.0,1.0,0
CPP_negative_678,1.0,1.0,0.0,5.0,0
CPP_negative_679,3.0,1.0,1.0,2.0,0
CPP_negative_680,0.0,1.0,1.0,1.0,0
CPP_negative_681,0.0,2.0,1.0,3.0,0
CPP_negative_682,1.0,2.0,0.0,2.0,0
CPP_negative_683,2.0,2.0,1.0,3.0,0
CPP_negative_684,3.0,1.0,1.0,3.0,0
CPP_negative_685,1.0,4.0,3.0,2.0,0
CPP_negative_686,0.0,3.0,3.0,5.0,0
CPP_negative_687,0.0,3.0,1.0,1.0,0
CPP_negative_688,0.0,1.0,1.0,2.0,0
CPP_negative_689,2.0,1.0,4.0,3.0,0
CPP_negative_690,0.0,2.0,3.0,2.0,0
CPP_negative_691,0.0,2.0,0.0,2.0,0
CPP_negative_692,1.0,2.0,0.0,4.0,0
CPP_negative_693,0.0,0.0,1.0,1.0,0
CPP_negative_694,2.0,3.0,1.0,2.0,0
CPP_negative_695,3.0,0.0,0.0,1.0,0
CPP_negative_696,3.0,1.0,3.0,4.0,0
CPP_negative_697,0.0,0.0,2.0,3.0,0
CPP_negative_698,1.0,0.0,1.0,4.0,0
CPP_negative_699,2.0,2.0,0.0,1.0,0
CPP_negative_700,2.0,2.0,0.0,1.0,0
CPP_negative_701,0.0,1.0,2.0,7.0,0
CPP_negative_702,2.0,3.0,4.0,2.0,0
CPP_negative_703,1.0,2.0,2.0,1.0,0
CPP_negative_704,1.0,3.0,0.0,3.0,0
CPP_negative_705,1.0,1.0,1.0,2.0,0
CPP_negative_706,2.0,1.0,1.0,2.0,0
CPP_negative_707,1.0,0.0,1.0,2.0,0
CPP_negative_708,1.0,1.0,3.0,3.0,0
CPP_negative_709,0.0,0.0,0.0,3.0,0
CPP_negative_710,1.0,2.0,2.0,4.0,0
CPP_negative_711,1.0,3.0,3.0,1.0,0
CPP_negative_712,2.0,1.0,3.0,2.0,0
CPP_negative_713,2.0,0.0,1.0,4.0,0
CPP_negative_714,1.0,2.0,1.0,4.0,0
CPP_negative_715,1.0,2.0,2.0,2.0,0
CPP_negative_716,2.0,2.0,1.0,3.0,0
CPP_negative_717,1.0,1.0,3.0,3.0,0
CPP_negative_718,0.0,0.0,0.0,2.0,0
CPP_negative_719,2.0,3.0,1.0,1.0,0
CPP_negative_720,2.0,3.0,1.0,4.0,0
CPP_negative_721,1.0,2.0,1.0,1.0,0
CPP_negative_722,1.0,3.0,3.0,4.0,0
CPP_negative_723,1.0,2.0,1.0,2.0,0
CPP_negative_724,1.0,0.0,0.0,4.0,0
CPP_negative_725,2.0,3.0,1.0,1.0,0
CPP_negative_726,0.0,0.0,0.0,6.0,0
CPP_negative_727,1.0,0.0,5.0,0.0,0
CPP_negative_728,0.0,3.0,1.0,1.0,0
CPP_negative_729,1.0,3.0,3.0,4.0,0
CPP_negative_730,1.0,3.0,4.0,3.0,0
CPP_negative_731,0.0,0.0,2.0,3.0,0
CPP_negative_732,0.0,3.0,4.0,2.0,0
CPP_negative_733,0.0,1.0,0.0,3.0,0
CPP_negative_734,1.0,3.0,3.0,3.0,0
CPP_negative_735,0.0,2.0,1.0,2.0,0
CPP_negative_736,2.0,1.0,2.0,1.0,0
CPP_negative_737,0.0,2.0,4.0,2.0,0
CPP_negative_738,1.0,1.0,5.0,2.0,0
CPP_negative_739,3.0,0.0,3.0,7.0,0
CPP_negative_740,3.0,0.0,0.0,2.0,0
CPP_negative_741,1.0,1.0,2.0,5.0,0
CPP_negative_742,1.0,1.0,0.0,1.0,0
CPP_negative_743,0.0,3.0,3.0,3.0,0
CPP_negative_744,1.0,2.0,2.0,6.0,0
CPP_negative_745,0.0,1.0,1.0,7.0,0
CPP_negative_746,1.0,0.0,1.0,2.0,0
CPP_negative_747,0.0,2.0,1.0,3.0,0
CPP_negative_748,0.0,2.0,1.0,3.0,0
CPP_negative_749,0.0,0.0,2.0,5.0,0
CPP_negative_750,1.0,0.0,1.0,2.0,0
CPP_negative_751,0.0,3.0,3.0,4.0,0
CPP_negative_752,2.0,0.0,2.0,3.0,0
CPP_negative_753,1.0,1.0,4.0,3.0,0
CPP_negative_754,0.0,0.0,5.0,2.0,0
CPP_negative_755,1.0,1.0,3.0,0.0,0
CPP_negative_756,3.0,3.0,1.0,3.0,0
CPP_negative_757,1.0,1.0,0.0,6.0,0
CPP_negative_758,1.0,3.0,0.0,2.0,0
CPP_negative_759,1.0,1.0,2.0,5.0,0
CPP_negative_760,2.0,2.0,2.0,5.0,0
CPP_negative_761,2.0,2.0,4.0,3.0,0
CPP_negative_762,1.0,1.0,1.0,3.0,0
CPP_negative_763,0.0,2.0,0.0,3.0,0
CPP_negative_764,1.0,3.0,1.0,4.0,0
CPP_negative_765,0.0,1.0,0.0,6.0,0
CPP_negative_766,1.0,1.0,2.0,3.0,0
CPP_negative_767,1.0,1.0,0.0,5.0,0
CPP_negative_768,1.0,1.0,1.0,2.0,0
CPP_negative_769,2.0,0.0,2.0,2.0,0
CPP_negative_770,1.0,0.0,1.0,2.0,0
CPP_negative_771,0.0,0.0,2.0,2.0,0
CPP_negative_772,3.0,2.0,1.0,5.0,0
CPP_negative_773,0.0,1.0,1.0,1.0,0
CPP_negative_774,4.0,2.0,2.0,0.0,0
CPP_negative_775,1.0,1.0,1.0,1.0,0
CPP_negative_776,1.0,3.0,2.0,3.0,0
CPP_negative_777,0.0,1.0,1.0,6.0,0
CPP_negative_778,0.0,1.0,1.0,4.0,0
CPP_negative_779,1.0,1.0,1.0,3.0,0
CPP_negative_780,1.0,2.0,3.0,3.0,0
CPP_negative_781,0.0,0.0,3.0,5.0,0
CPP_negative_782,2.0,1.0,2.0,3.0,0
CPP_negative_783,3.0,2.0,2.0,3.0,0
CPP_negative_784,0.0,1.0,2.0,2.0,0
CPP_negative_785,1.0,2.0,3.0,1.0,0
CPP_negative_786,1.0,3.0,1.0,1.0,0
CPP_negative_787,1.0,3.0,0.0,5.0,0
CPP_negative_788,2.0,1.0,2.0,0.0,0
CPP_negative_789,1.0,2.0,2.0,3.0,0
CPP_negative_790,0.0,2.0,0.0,6.0,0
CPP_negative_791,0.0,3.0,3.0,5.0,0
CPP_negative_792,1.0,1.0,3.0,2.0,0
CPP_negative_793,1.0,0.0,3.0,1.0,0
CPP_negative_794,0.0,1.0,2.0,0.0,0
CPP_negative_795,0.0,2.0,1.0,3.0,0
CPP_negative_796,1.0,2.0,2.0,2.0,0
CPP_negative_797,0.0,3.0,0.0,4.0,0
CPP_negative_798,1.0,2.0,3.0,3.0,0
CPP_negative_799,0.0,2.0,4.0,3.0,0
CPP_negative_800,1.0,2.0,1.0,4.0,0
CPP_negative_801,1.0,1.0,0.0,0.0,0
CPP_negative_802,0.0,0.0,1.0,3.0,0
CPP_negative_803,2.0,3.0,1.0,5.0,0
CPP_negative_804,1.0,5.0,0.0,0.0,0
CPP_negative_805,1.0,2.0,5.0,3.0,0
CPP_negative_806,0.0,2.0,2.0,3.0,0
CPP_negative_807,1.0,1.0,4.0,5.0,0
CPP_negative_808,1.0,3.0,1.0,1.0,0
CPP_negative_809,1.0,1.0,4.0,5.0,0
CPP_negative_810,1.0,1.0,0.0,2.0,0
CPP_negative_811,1.0,3.0,2.0,3.0,0
CPP_negative_812,2.0,1.0,1.0,1.0,0
CPP_negative_813,1.0,0.0,1.0,2.0,0
CPP_negative_814,1.0,4.0,2.0,4.0,0
CPP_negative_815,1.0,0.0,0.0,3.0,0
CPP_negative_816,3.0,1.0,1.0,1.0,0
CPP_negative_817,0.0,1.0,1.0,2.0,0
CPP_negative_818,0.0,1.0,2.0,3.0,0
CPP_negative_819,0.0,0.0,1.0,1.0,0
CPP_negative_820,1.0,1.0,2.0,3.0,0
CPP_negative_821,0.0,0.0,0.0,11.0,0
CPP_negative_822,2.0,2.0,1.0,3.0,0
CPP_negative_823,1.0,5.0,1.0,4.0,0
CPP_negative_824,0.0,3.0,0.0,4.0,0
CPP_negative_825,1.0,2.0,2.0,1.0,0
CPP_negative_826,1.0,1.0,2.0,0.0,0
CPP_negative_827,0.0,1.0,2.0,1.0,0
CPP_negative_828,1.0,1.0,4.0,4.0,0
CPP_negative_829,2.0,1.0,2.0,6.0,0
CPP_negative_830,0.0,2.0,2.0,2.0,0
CPP_negative_831,0.0,0.0,4.0,1.0,0
CPP_negative_832,2.0,1.0,0.0,2.0,0
CPP_negative_833,1.0,4.0,4.0,0.0,0
CPP_negative_834,1.0,2.0,1.0,6.0,0
CPP_negative_835,1.0,1.0,1.0,5.0,0
CPP_negative_836,0.0,4.0,1.0,1.0,0
CPP_negative_837,0.0,3.0,0.0,3.0,0
CPP_negative_838,2.0,3.0,1.0,0.0,0
CPP_negative_839,0.0,3.0,4.0,4.0,0
CPP_negative_840,2.0,0.0,0.0,2.0,0
CPP_negative_841,0.0,0.0,4.0,5.0,0
CPP_negative_842,0.0,1.0,2.0,1.0,0
CPP_negative_843,0.0,0.0,1.0,1.0,0
CPP_negative_844,0.0,1.0,1.0,8.0,0
CPP_negative_845,0.0,0.0,2.0,4.0,0
CPP_negative_846,1.0,2.0,2.0,2.0,0
CPP_negative_847,1.0,3.0,0.0,1.0,0
CPP_negative_848,1.0,1.0,1.0,4.0,0
CPP_negative_849,0.0,1.0,2.0,1.0,0
CPP_negative_850,1.0,0.0,3.0,3.0,0
CPP_negative_851,0.0,0.0,0.0,7.0,0
CPP_negative_852,2.0,1.0,0.0,1.0,0
CPP_negative_853,1.0,2.0,2.0,5.0,0
CPP_negative_854,1.0,1.0,0.0,1.0,0
CPP_negative_855,1.0,1.0,3.0,3.0,0
CPP_negative_856,2.0,1.0,0.0,4.0,0
CPP_negative_857,1.0,1.0,1.0,1.0,0
CPP_negative_858,0.0,0.0,1.0,6.0,0
CPP_negative_859,1.0,2.0,1.0,2.0,0
CPP_negative_860,0.0,1.0,1.0,7.0,0
CPP_negative_861,1.0,2.0,2.0,1.0,0
CPP_negative_862,2.0,6.0,2.0,2.0,0
CPP_negative_863,0.0,2.0,2.0,4.0,0
CPP_negative_864,0.0,2.0,4.0,4.0,0
CPP_negative_865,3.0,3.0,2.0,2.0,0
CPP_negative_866,1.0,0.0,1.0,2.0,0
CPP_negative_867,0.0,0.0,3.0,3.0,0
CPP_negative_868,2.0,2.0,1.0,1.0,0
CPP_negative_869,0.0,0.0,3.0,0.0,0
CPP_negative_870,0.0,1.0,4.0,1.0,0
CPP_negative_871,3.0,1.0,3.0,4.0,0
CPP_negative_872,2.0,2.0,0.0,1.0,0
CPP_negative_873,3.0,2.0,4.0,4.0,0
CPP_negative_874,3.0,1.0,4.0,1.0,0
CPP_negative_875,0.0,1.0,0.0,2.0,0
CPP_negative_876,0.0,3.0,0.0,1.0,0
CPP_negative_877,0.0,0.0,1.0,3.0,0
CPP_negative_878,0.0,2.0,2.0,2.0,0
CPP_negative_879,1.0,2.0,2.0,5.0,0
CPP_negative_880,0.0,3.0,2.0,5.0,0
CPP_negative_881,0.0,2.0,2.0,1.0,0
CPP_negative_882,2.0,2.0,0.0,5.0,0
CPP_negative_883,1.0,2.0,0.0,5.0,0
CPP_negative_884,0.0,1.0,0.0,2.0,0
CPP_negative_885,0.0,2.0,0.0,0.0,0
CPP_negative_886,0.0,3.0,3.0,1.0,0
CPP_negative_887,3.0,2.0,2.0,1.0,0
CPP_negative_888,0.0,2.0,3.0,1.0,0
CPP_negative_889,0.0,3.0,0.0,1.0,0
CPP_negative_890,1.0,1.0,1.0,1.0,0
CPP_negative_891,1.0,0.0,1.0,3.0,0
CPP_negative_892,1.0,0.0,1.0,2.0,0
CPP_negative_893,1.0,0.0,1.0,4.0,0
CPP_negative_894,0.0,2.0,3.0,1.0,0
CPP_negative_895,0.0,2.0,2.0,5.0,0
CPP_negative_896,0.0,2.0,2.0,1.0,0
CPP_negative_897,0.0,2.0,1.0,2.0,0
CPP_negative_898,0.0,2.0,0.0,2.0,0
CPP_negative_899,0.0,3.0,2.0,4.0,0
CPP_negative_900,0.0,4.0,1.0,3.0,0
CPP_negative_901,1.0,2.0,1.0,2.0,0
CPP_negative_902,3.0,4.0,2.0,2.0,0
CPP_negative_903,0.0,1.0,2.0,5.0,0
CPP_negative_904,0.0,6.0,2.0,2.0,0
CPP_negative_905,2.0,3.0,1.0,5.0,0
CPP_negative_906,0.0,2.0,0.0,2.0,0
CPP_negative_907,3.0,3.0,3.0,0.0,0
CPP_negative_908,0.0,2.0,1.0,1.0,0
CPP_negative_909,2.0,4.0,2.0,1.0,0
CPP_negative_910,0.0,2.0,3.0,1.0,0
CPP_negative_911,0.0,2.0,4.0,4.0,0
CPP_negative_912,0.0,5.0,0.0,3.0,0
CPP_negative_913,0.0,0.0,0.0,2.0,0
CPP_negative_914,0.0,1.0,2.0,1.0,0
CPP_negative_915,0.0,2.0,1.0,1.0,0
CPP_negative_916,3.0,2.0,0.0,1.0,0
CPP_negative_917,2.0,2.0,3.0,5.0,0
CPP_negative_918,0.0,3.0,3.0,3.0,0
CPP_negative_919,0.0,2.0,1.0,2.0,0
CPP_negative_920,0.0,2.0,2.0,2.0,0
CPP_negative_921,2.0,1.0,1.0,5.0,0
CPP_negative_922,1.0,1.0,1.0,1.0,0
CPP_negative_923,0.0,1.0,0.0,3.0,0
CPP_negative_924,1.0,2.0,0.0,5.0,0
CPP_negative_925,1.0,3.0,0.0,3.0,0
CPP_negative_926,2.0,2.0,1.0,5.0,0
CPP_negative_927,0.0,2.0,2.0,7.0,0
CPP_negative_928,0.0,3.0,1.0,3.0,0
CPP_negative_929,1.0,0.0,2.0,2.0,0
CPP_negative_930,2.0,2.0,1.0,2.0,0
CPP_negative_931,2.0,1.0,2.0,2.0,0
CPP_negative_932,1.0,0.0,4.0,3.0,0
CPP_negative_933,2.0,2.0,0.0,5.0,0
CPP_negative_934,3.0,1.0,1.0,1.0,0
CPP_negative_935,0.0,2.0,2.0,5.0,0
CPP_negative_936,0.0,0.0,0.0,2.0,0
CPP_negative_937,0.0,0.0,0.0,3.0,0
CPP_negative_938,3.0,2.0,2.0,3.0,0
CPP_negative_939,2.0,2.0,2.0,0.0,0
CPP_negative_940,1.0,2.0,1.0,2.0,0
CPP_negative_941,0.0,1.0,0.0,6.0,0
CPP_negative_942,0.0,1.0,2.0,1.0,0
CPP_negative_943,2.0,1.0,2.0,5.0,0
CPP_negative_944,1.0,3.0,1.0,3.0,0
CPP_negative_945,4.0,3.0,0.0,3.0,0
CPP_negative_946,0.0,3.0,2.0,4.0,0
CPP_negative_947,1.0,2.0,2.0,5.0,0
CPP_negative_948,3.0,5.0,1.0,1.0,0
CPP_negative_949,1.0,0.0,4.0,4.0,0
CPP_negative_950,1.0,1.0,1.0,2.0,0
CPP_negative_951,1.0,1.0,0.0,6.0,0
CPP_negative_952,0.0,4.0,2.0,1.0,0
CPP_negative_953,0.0,3.0,3.0,0.0,0
CPP_negative_954,0.0,1.0,1.0,7.0,0
CPP_negative_955,2.0,1.0,2.0,2.0,0
CPP_negative_956,2.0,1.0,2.0,1.0,0
CPP_negative_957,3.0,3.0,1.0,2.0,0
CPP_negative_958,0.0,2.0,1.0,1.0,0
CPP_negative_959,0.0,3.0,2.0,5.0,0
CPP_negative_960,2.0,1.0,0.0,2.0,0
CPP_negative_961,1.0,1.0,2.0,6.0,0
CPP_negative_962,0.0,1.0,0.0,4.0,0
CPP_negative_963,4.0,2.0,3.0,1.0,0
CPP_negative_964,0.0,0.0,2.0,1.0,0
CPP_negative_965,1.0,1.0,2.0,4.0,0
CPP_negative_966,0.0,0.0,2.0,3.0,0
CPP_negative_967,1.0,1.0,3.0,1.0,0
CPP_negative_968,2.0,1.0,2.0,1.0,0
CPP_negative_969,0.0,1.0,3.0,5.0,0
CPP_negative_970,0.0,2.0,0.0,4.0,0
CPP_negative_971,1.0,3.0,0.0,0.0,0
CPP_negative_972,0.0,3.0,0.0,2.0,0
CPP_negative_973,0.0,4.0,2.0,4.0,0
CPP_negative_974,1.0,3.0,2.0,4.0,0
CPP_negative_975,1.0,2.0,1.0,1.0,0
CPP_negative_976,2.0,1.0,3.0,4.0,0
CPP_negative_977,0.0,2.0,4.0,5.0,0
CPP_negative_978,0.0,1.0,0.0,2.0,0
CPP_negative_979,2.0,2.0,1.0,3.0,0
CPP_negative_980,2.0,0.0,0.0,0.0,0
CPP_negative_981,1.0,4.0,3.0,0.0,0
CPP_negative_982,0.0,0.0,3.0,2.0,0
CPP_negative_983,1.0,0.0,1.0,5.0,0
CPP_negative_984,2.0,0.0,3.0,1.0,0
CPP_negative_985,0.0,2.0,0.0,3.0,0
CPP_negative_986,2.0,1.0,4.0,1.0,0
CPP_negative_987,0.0,1.0,1.0,6.0,0
CPP_negative_988,0.0,4.0,1.0,4.0,0
CPP_negative_989,0.0,2.0,3.0,5.0,0
CPP_negative_990,1.0,2.0,3.0,2.0,0
CPP_negative_991,0.0,2.0,2.0,5.0,0
CPP_negative_992,1.0,2.0,1.0,6.0,0
CPP_negative_993,0.0,1.0,0.0,3.0,0
CPP_negative_994,1.0,1.0,4.0,6.0,0
CPP_negative_995,1.0,0.0,1.0,1.0,0
CPP_negative_996,0.0,2.0,2.0,3.0,0
CPP_negative_997,0.0,0.0,2.0,4.0,0
CPP_negative_998,1.0,0.0,2.0,5.0,0
CPP_negative_999,0.0,3.0,1.0,1.0,0
CPP_negative_1000,2.0,1.0,2.0,5.0,0
CPP_negative_1001,1.0,1.0,3.0,2.0,0
CPP_negative_1002,3.0,1.0,2.0,3.0,0
CPP_negative_1003,0.0,1.0,2.0,3.0,0
CPP_negative_1004,0.0,2.0,0.0,3.0,0
CPP_negative_1005,1.0,2.0,1.0,1.0,0
CPP_negative_1006,0.0,0.0,1.0,2.0,0
CPP_negative_1007,1.0,1.0,3.0,2.0,0
CPP_negative_1008,1.0,0.0,3.0,4.0,0
CPP_negative_1009,1.0,1.0,3.0,4.0,0
CPP_negative_1010,0.0,2.0,1.0,4.0,0
CPP_negative_1011,1.0,1.0,1.0,2.0,0
CPP_negative_1012,1.0,4.0,2.0,0.0,0
CPP_negative_1013,3.0,1.0,1.0,5.0,0
CPP_negative_1014,0.0,3.0,1.0,2.0,0
CPP_negative_1015,1.0,5.0,2.0,1.0,0
CPP_negative_1016,0.0,2.0,1.0,4.0,0
CPP_negative_1017,2.0,3.0,1.0,1.0,0
CPP_negative_1018,1.0,0.0,1.0,3.0,0
CPP_negative_1019,1.0,4.0,0.0,5.0,0
CPP_negative_1020,0.0,0.0,1.0,1.0,0
CPP_negative_1021,0.0,2.0,2.0,4.0,0
CPP_negative_1022,0.0,0.0,2.0,2.0,0
CPP_negative_1023,2.0,1.0,3.0,3.0,0
CPP_negative_1024,0.0,2.0,1.0,1.0,0
CPP_negative_1025,0.0,0.0,2.0,2.0,0
CPP_negative_1026,2.0,2.0,2.0,2.0,0
CPP_negative_1027,1.0,4.0,2.0,2.0,0
CPP_negative_1028,0.0,1.0,1.0,7.0,0
CPP_negative_1029,0.0,0.0,3.0,6.0,0
CPP_negative_1030,1.0,1.0,4.0,4.0,0
CPP_negative_1031,0.0,2.0,2.0,6.0,0
CPP_negative_1032,0.0,0.0,2.0,4.0,0
CPP_negative_1033,0.0,1.0,1.0,2.0,0
CPP_negative_1034,0.0,2.0,2.0,1.0,0
CPP_negative_1035,0.0,3.0,1.0,2.0,0
CPP_negative_1036,0.0,3.0,0.0,2.0,0
CPP_negative_1037,0.0,2.0,1.0,2.0,0
CPP_negative_1038,0.0,3.0,1.0,1.0,0
CPP_negative_1039,2.0,1.0,0.0,6.0,0
CPP_negative_1040,2.0,2.0,3.0,4.0,0
CPP_negative_1041,1.0,0.0,1.0,0.0,0
CPP_negative_1042,1.0,5.0,1.0,2.0,0
CPP_negative_1043,2.0,4.0,0.0,3.0,0
CPP_negative_1044,1.0,2.0,1.0,1.0,0
CPP_negative_1045,0.0,0.0,2.0,1.0,0
CPP_negative_1046,1.0,0.0,2.0,4.0,0
CPP_negative_1047,0.0,0.0,2.0,3.0,0
CPP_negative_1048,1.0,2.0,2.0,5.0,0
CPP_negative_1049,2.0,1.0,1.0,3.0,0
CPP_negative_1050,3.0,1.0,0.0,1.0,0
CPP_negative_1051,1.0,0.0,4.0,2.0,0
CPP_negative_1052,0.0,2.0,0.0,2.0,0
CPP_negative_1053,0.0,1.0,2.0,1.0,0
CPP_negative_1054,0.0,1.0,3.0,2.0,0
CPP_negative_1055,3.0,1.0,1.0,6.0,0
CPP_negative_1056,4.0,2.0,4.0,1.0,0
CPP_negative_1057,1.0,0.0,1.0,2.0,0
CPP_negative_1058,0.0,1.0,0.0,1.0,0
CPP_negative_1059,0.0,0.0,0.0,2.0,0
CPP_negative_1060,0.0,0.0,0.0,6.0,0
CPP_negative_1061,1.0,2.0,0.0,1.0,0
CPP_negative_1062,1.0,1.0,3.0,3.0,0
CPP_negative_1063,1.0,1.0,1.0,1.0,0
CPP_negative_1064,1.0,1.0,1.0,1.0,0
CPP_negative_1065,0.0,2.0,2.0,7.0,0
CPP_negative_1066,1.0,0.0,1.0,0.0,0
CPP_negative_1067,0.0,2.0,3.0,1.0,0
CPP_negative_1068,1.0,3.0,2.0,7.0,0
CPP_negative_1069,0.0,4.0,3.0,2.0,0
CPP_negative_1070,3.0,1.0,3.0,2.0,0
CPP_negative_1071,1.0,1.0,0.0,2.0,0
CPP_negative_1072,1.0,0.0,2.0,1.0,0
CPP_negative_1073,0.0,1.0,1.0,2.0,0
CPP_negative_1074,1.0,0.0,6.0,2.0,0
CPP_negative_1075,3.0,1.0,1.0,1.0,0
CPP_negative_1076,0.0,1.0,0.0,3.0,0
CPP_negative_1077,1.0,0.0,2.0,3.0,0
CPP_negative_1078,0.0,0.0,1.0,2.0,0
CPP_negative_1079,0.0,0.0,1.0,4.0,0
CPP_negative_1080,1.0,2.0,2.0,2.0,0
CPP_negative_1081,0.0,1.0,1.0,3.0,0
CPP_negative_1082,1.0,5.0,2.0,0.0,0
CPP_negative_1083,1.0,2.0,1.0,4.0,0
CPP_negative_1084,0.0,3.0,3.0,3.0,0
CPP_negative_1085,0.0,2.0,2.0,2.0,0
CPP_negative_1086,0.0,1.0,0.0,5.0,0
CPP_negative_1087,0.0,0.0,4.0,3.0,0
CPP_negative_1088,1.0,1.0,1.0,3.0,0
CPP_negative_1089,1.0,0.0,2.0,1.0,0
CPP_negative_1090,0.0,1.0,3.0,1.0,0
CPP_negative_1091,0.0,3.0,0.0,3.0,0
CPP_negative_1092,1.0,2.0,0.0,4.0,0
CPP_negative_1093,0.0,2.0,3.0,1.0,0
CPP_negative_1094,1.0,1.0,1.0,3.0,0
CPP_negative_1095,0.0,1.0,0.0,6.0,0
CPP_negative_1096,0.0,0.0,3.0,3.0,0
CPP_negative_1097,1.0,0.0,2.0,2.0,0
CPP_negative_1098,0.0,1.0,1.0,3.0,0
CPP_negative_1099,1.0,2.0,1.0,2.0,0
CPP_negative_1100,0.0,0.0,0.0,10.0,0
CPP_negative_1101,2.0,2.0,1.0,0.0,0
CPP_negative_1102,0.0,0.0,1.0,1.0,0
CPP_negative_1103,1.0,2.0,5.0,4.0,0
CPP_negative_1104,3.0,1.0,1.0,1.0,0
CPP_negative_1105,1.0,2.0,1.0,1.0,0
CPP_negative_1106,0.0,1.0,1.0,3.0,0
CPP_negative_1107,1.0,0.0,4.0,2.0,0
CPP_negative_1108,1.0,3.0,3.0,3.0,0
CPP_negative_1109,2.0,2.0,1.0,5.0,0
CPP_negative_1110,1.0,1.0,2.0,1.0,0
CPP_negative_1111,0.0,0.0,2.0,7.0,0
CPP_negative_1112,3.0,1.0,2.0,2.0,0
CPP_negative_1113,1.0,2.0,1.0,5.0,0
CPP_negative_1114,0.0,3.0,2.0,5.0,0
CPP_negative_1115,1.0,0.0,4.0,1.0,0
CPP_negative_1116,2.0,2.0,1.0,4.0,0
CPP_negative_1117,0.0,1.0,3.0,4.0,0
CPP_negative_1118,0.0,2.0,0.0,4.0,0
CPP_negative_1119,0.0,3.0,1.0,1.0,0
CPP_negative_1120,1.0,0.0,0.0,4.0,0
CPP_negative_1121,0.0,1.0,5.0,1.0,0
CPP_negative_1122,0.0,5.0,2.0,3.0,0
CPP_negative_1123,0.0,4.0,2.0,1.0,0
CPP_negative_1124,0.0,0.0,0.0,6.0,0
CPP_negative_1125,0.0,1.0,3.0,1.0,0
CPP_negative_1126,2.0,1.0,0.0,2.0,0
CPP_negative_1127,0.0,1.0,2.0,3.0,0
CPP_negative_1128,2.0,3.0,2.0,4.0,0
CPP_negative_1129,1.0,1.0,1.0,1.0,0
CPP_negative_1130,0.0,1.0,2.0,5.0,0
CPP_negative_1131,0.0,1.0,2.0,2.0,0
CPP_negative_1132,2.0,3.0,0.0,6.0,0
CPP_negative_1133,0.0,0.0,1.0,6.0,0
CPP_negative_1134,3.0,1.0,2.0,5.0,0
CPP_negative_1135,0.0,1.0,1.0,2.0,0
CPP_negative_1136,0.0,1.0,3.0,2.0,0
CPP_negative_1137,2.0,0.0,2.0,1.0,0
CPP_negative_1138,1.0,2.0,2.0,1.0,0
CPP_negative_1139,1.0,2.0,1.0,1.0,0
CPP_negative_1140,2.0,2.0,0.0,3.0,0
CPP_negative_1141,1.0,2.0,1.0,1.0,0
CPP_negative_1142,1.0,2.0,2.0,1.0,0
CPP_negative_1143,1.0,1.0,2.0,2.0,0
CPP_negative_1144,1.0,2.0,5.0,1.0,0
CPP_negative_1145,1.0,1.0,3.0,0.0,0
CPP_negative_1146,3.0,3.0,1.0,4.0,0
CPP_negative_1147,2.0,3.0,4.0,11.0,0
