name,type3A_T1.G.1_T1.G.1_gap2,type3A_T1.G.1_T1.G.2_gap2,type3A_T1.G.2_T1.G.1_gap2,type3A_T1.G.2_T1.G.2_gap2,target
CPP_positive_1,12.0,1.0,0.0,0.0,1
CPP_positive_2,5.0,0.0,0.0,0.0,1
CPP_positive_3,5.0,0.0,0.0,0.0,1
CPP_negative_4,6.0,0.0,1.0,0.0,0
CPP_negative_5,4.0,0.0,0.0,0.0,0
CPP_negative_6,6.0,0.0,0.0,0.0,0
CPP_positive_7,4.0,1.0,0.0,0.0,1
CPP_positive_8,3.0,2.0,0.0,0.0,1
CPP_negative_9,8.0,0.0,0.0,0.0,0
CPP_negative_10,20.0,0.0,0.0,0.0,0
CPP_positive_11,2.0,1.0,1.0,0.0,1
CPP_negative_12,10.0,0.0,0.0,0.0,0
CPP_negative_13,7.0,0.0,1.0,0.0,0
CPP_positive_14,4.0,0.0,0.0,0.0,1
CPP_negative_15,6.0,0.0,0.0,0.0,0
CPP_positive_16,8.0,0.0,0.0,0.0,1
CPP_positive_17,11.0,0.0,0.0,0.0,1
CPP_negative_18,3.0,1.0,0.0,0.0,0
CPP_negative_19,4.0,0.0,0.0,0.0,0
CPP_positive_20,10.0,0.0,2.0,0.0,1
CPP_negative_21,6.0,0.0,0.0,0.0,0
CPP_positive_22,5.0,1.0,0.0,0.0,1
CPP_negative_23,9.0,0.0,1.0,0.0,0
CPP_negative_24,7.0,0.0,0.0,0.0,0
CPP_negative_25,4.0,0.0,0.0,0.0,0
CPP_positive_26,3.0,0.0,0.0,0.0,1
CPP_negative_27,4.0,0.0,0.0,0.0,0
CPP_positive_28,7.0,0.0,0.0,0.0,1
CPP_negative_29,6.0,1.0,0.0,0.0,0
CPP_positive_30,11.0,1.0,1.0,0.0,1
CPP_negative_31,5.0,0.0,0.0,0.0,0
CPP_positive_32,10.0,1.0,1.0,0.0,1
CPP_positive_33,5.0,1.0,0.0,0.0,1
CPP_negative_34,9.0,0.0,1.0,0.0,0
CPP_negative_35,8.0,0.0,0.0,0.0,0
CPP_positive_36,3.0,0.0,0.0,0.0,1
CPP_positive_37,5.0,0.0,0.0,0.0,1
CPP_negative_38,4.0,0.0,0.0,0.0,0
CPP_positive_39,4.0,0.0,0.0,0.0,1
CPP_negative_40,6.0,1.0,0.0,0.0,0
CPP_negative_41,5.0,0.0,0.0,0.0,0
CPP_negative_42,3.0,0.0,1.0,0.0,0
CPP_negative_43,8.0,1.0,0.0,0.0,0
CPP_positive_44,4.0,0.0,0.0,0.0,1
CPP_positive_45,11.0,0.0,0.0,0.0,1
CPP_positive_46,5.0,0.0,1.0,0.0,1
CPP_negative_47,4.0,0.0,0.0,0.0,0
CPP_positive_48,9.0,1.0,0.0,0.0,1
CPP_negative_49,8.0,0.0,0.0,0.0,0
CPP_negative_50,5.0,0.0,0.0,0.0,0
CPP_positive_51,3.0,0.0,0.0,0.0,1
CPP_negative_52,8.0,0.0,0.0,0.0,0
CPP_negative_53,6.0,0.0,1.0,0.0,0
CPP_negative_54,6.0,0.0,0.0,0.0,0
CPP_negative_55,4.0,1.0,0.0,0.0,0
CPP_positive_56,4.0,0.0,0.0,0.0,1
CPP_negative_57,5.0,0.0,1.0,0.0,0
CPP_positive_58,4.0,0.0,1.0,0.0,1
CPP_negative_59,6.0,1.0,0.0,0.0,0
CPP_positive_60,5.0,1.0,0.0,0.0,1
CPP_positive_61,10.0,0.0,1.0,0.0,1
CPP_negative_62,5.0,0.0,1.0,0.0,0
CPP_positive_63,4.0,1.0,1.0,0.0,1
CPP_negative_64,6.0,0.0,0.0,0.0,0
CPP_positive_65,10.0,1.0,1.0,0.0,1
CPP_negative_66,6.0,1.0,0.0,0.0,0
CPP_positive_67,4.0,0.0,0.0,0.0,1
CPP_positive_68,4.0,0.0,0.0,0.0,1
CPP_negative_69,4.0,0.0,0.0,0.0,0
CPP_positive_70,3.0,1.0,1.0,0.0,1
CPP_negative_71,10.0,0.0,0.0,0.0,0
CPP_negative_72,5.0,1.0,0.0,0.0,0
CPP_negative_73,11.0,0.0,1.0,0.0,0
CPP_negative_74,3.0,1.0,0.0,0.0,0
CPP_positive_75,5.0,1.0,0.0,0.0,1
CPP_positive_76,8.0,1.0,0.0,0.0,1
CPP_negative_77,5.0,0.0,0.0,0.0,0
CPP_negative_78,3.0,1.0,0.0,0.0,0
CPP_positive_79,7.0,0.0,0.0,0.0,1
CPP_positive_80,9.0,1.0,1.0,0.0,1
CPP_positive_81,8.0,0.0,0.0,0.0,1
CPP_negative_82,4.0,0.0,0.0,0.0,0
CPP_negative_83,9.0,0.0,0.0,0.0,0
CPP_positive_84,7.0,1.0,0.0,0.0,1
CPP_negative_85,6.0,0.0,0.0,0.0,0
CPP_negative_86,4.0,0.0,0.0,0.0,0
CPP_negative_87,5.0,0.0,0.0,0.0,0
CPP_negative_88,5.0,1.0,0.0,1.0,0
CPP_positive_89,4.0,1.0,0.0,0.0,1
CPP_positive_90,15.0,1.0,1.0,0.0,1
CPP_positive_91,5.0,1.0,0.0,0.0,1
CPP_negative_92,4.0,0.0,1.0,0.0,0
CPP_negative_93,6.0,0.0,0.0,0.0,0
CPP_negative_94,8.0,0.0,0.0,0.0,0
CPP_negative_95,12.0,0.0,0.0,0.0,0
CPP_negative_96,7.0,0.0,0.0,0.0,0
CPP_positive_97,6.0,0.0,1.0,0.0,1
CPP_positive_98,5.0,0.0,0.0,0.0,1
CPP_negative_99,3.0,0.0,1.0,0.0,0
CPP_negative_100,4.0,0.0,0.0,0.0,0
CPP_positive_101,6.0,1.0,0.0,0.0,1
CPP_negative_102,9.0,0.0,1.0,0.0,0
CPP_positive_103,3.0,1.0,0.0,0.0,1
CPP_negative_104,6.0,0.0,0.0,0.0,0
CPP_positive_105,5.0,0.0,0.0,0.0,1
CPP_negative_106,4.0,0.0,0.0,0.0,0
CPP_positive_107,9.0,0.0,1.0,1.0,1
CPP_negative_108,4.0,1.0,0.0,0.0,0
CPP_negative_109,10.0,0.0,0.0,0.0,0
CPP_negative_110,6.0,0.0,0.0,0.0,0
CPP_negative_111,9.0,1.0,0.0,0.0,0
CPP_positive_112,2.0,1.0,0.0,0.0,1
CPP_negative_113,9.0,0.0,0.0,0.0,0
CPP_positive_114,3.0,0.0,0.0,0.0,1
CPP_negative_115,9.0,0.0,0.0,0.0,0
CPP_positive_116,3.0,0.0,1.0,0.0,1
CPP_negative_117,6.0,0.0,0.0,0.0,0
CPP_positive_118,10.0,0.0,1.0,0.0,1
CPP_positive_119,12.0,0.0,0.0,0.0,1
CPP_negative_120,10.0,0.0,0.0,0.0,0
CPP_positive_121,8.0,1.0,0.0,0.0,1
CPP_positive_122,5.0,0.0,0.0,0.0,1
CPP_negative_123,13.0,0.0,0.0,0.0,0
CPP_negative_124,11.0,0.0,0.0,0.0,0
CPP_positive_125,4.0,0.0,1.0,0.0,1
CPP_negative_126,5.0,0.0,0.0,0.0,0
CPP_positive_127,4.0,0.0,0.0,0.0,1
CPP_negative_128,4.0,0.0,0.0,0.0,0
CPP_negative_129,5.0,0.0,0.0,0.0,0
CPP_negative_130,4.0,0.0,0.0,0.0,0
CPP_negative_131,11.0,0.0,0.0,0.0,0
CPP_negative_132,7.0,0.0,0.0,0.0,0
CPP_positive_133,9.0,0.0,0.0,0.0,1
CPP_positive_134,4.0,0.0,0.0,0.0,1
CPP_negative_135,5.0,0.0,0.0,0.0,0
CPP_positive_136,8.0,0.0,0.0,0.0,1
CPP_positive_137,10.0,1.0,0.0,0.0,1
CPP_negative_138,6.0,0.0,0.0,0.0,0
CPP_negative_139,6.0,0.0,0.0,0.0,0
CPP_negative_140,6.0,0.0,0.0,0.0,0
CPP_negative_141,9.0,0.0,0.0,0.0,0
CPP_negative_142,4.0,1.0,0.0,0.0,0
CPP_positive_143,8.0,0.0,1.0,1.0,1
CPP_positive_144,5.0,0.0,0.0,0.0,1
CPP_negative_145,2.0,2.0,0.0,0.0,0
CPP_negative_146,7.0,0.0,0.0,0.0,0
CPP_positive_147,3.0,1.0,1.0,0.0,1
CPP_positive_148,10.0,0.0,0.0,0.0,1
CPP_negative_149,8.0,0.0,1.0,0.0,0
CPP_negative_150,2.0,1.0,2.0,0.0,0
CPP_positive_151,4.0,0.0,0.0,0.0,1
CPP_negative_152,8.0,1.0,0.0,0.0,0
CPP_negative_153,8.0,0.0,0.0,0.0,0
CPP_negative_154,6.0,0.0,0.0,0.0,0
CPP_negative_155,6.0,0.0,0.0,0.0,0
CPP_positive_156,7.0,0.0,0.0,0.0,1
CPP_negative_157,4.0,0.0,0.0,0.0,0
CPP_positive_158,6.0,0.0,0.0,0.0,1
CPP_negative_159,5.0,0.0,0.0,0.0,0
CPP_positive_160,13.0,2.0,0.0,0.0,1
CPP_positive_161,11.0,0.0,1.0,0.0,1
CPP_negative_162,13.0,0.0,0.0,0.0,0
CPP_negative_163,4.0,0.0,0.0,0.0,0
CPP_positive_164,9.0,0.0,0.0,0.0,1
CPP_positive_165,3.0,1.0,0.0,0.0,1
CPP_positive_166,4.0,0.0,0.0,0.0,1
CPP_positive_167,12.0,1.0,0.0,0.0,1
CPP_negative_168,4.0,0.0,0.0,0.0,0
CPP_negative_169,5.0,0.0,1.0,0.0,0
CPP_positive_170,4.0,0.0,0.0,0.0,1
CPP_negative_171,8.0,0.0,0.0,0.0,0
CPP_negative_172,11.0,0.0,0.0,0.0,0
CPP_negative_173,11.0,0.0,0.0,0.0,0
CPP_positive_174,3.0,1.0,0.0,0.0,1
CPP_positive_175,4.0,0.0,0.0,0.0,1
CPP_negative_176,5.0,0.0,0.0,0.0,0
CPP_positive_177,3.0,1.0,0.0,0.0,1
CPP_positive_178,9.0,1.0,0.0,0.0,1
CPP_positive_179,6.0,0.0,0.0,0.0,1
CPP_positive_180,6.0,1.0,0.0,0.0,1
CPP_negative_181,13.0,0.0,1.0,0.0,0
CPP_negative_182,4.0,0.0,0.0,0.0,0
CPP_positive_183,9.0,0.0,0.0,0.0,1
CPP_positive_184,4.0,0.0,1.0,0.0,1
CPP_positive_185,3.0,0.0,0.0,0.0,1
CPP_negative_186,9.0,0.0,0.0,0.0,0
CPP_positive_187,19.0,0.0,0.0,0.0,1
CPP_positive_188,5.0,1.0,0.0,0.0,1
CPP_positive_189,2.0,0.0,0.0,1.0,1
CPP_negative_190,8.0,0.0,0.0,0.0,0
CPP_negative_191,5.0,0.0,0.0,0.0,0
CPP_positive_192,10.0,0.0,0.0,0.0,1
CPP_positive_193,4.0,0.0,0.0,0.0,1
CPP_positive_194,5.0,0.0,1.0,0.0,1
CPP_positive_195,12.0,0.0,1.0,0.0,1
CPP_positive_196,8.0,0.0,1.0,0.0,1
CPP_negative_197,5.0,0.0,0.0,0.0,0
CPP_positive_198,4.0,0.0,0.0,0.0,1
CPP_positive_199,4.0,0.0,0.0,0.0,1
CPP_negative_200,6.0,0.0,0.0,0.0,0
CPP_negative_201,5.0,0.0,0.0,0.0,0
CPP_positive_202,9.0,0.0,0.0,0.0,1
CPP_positive_203,6.0,0.0,0.0,0.0,1
CPP_positive_204,6.0,0.0,0.0,0.0,1
CPP_positive_205,6.0,0.0,0.0,0.0,1
CPP_positive_206,8.0,0.0,2.0,0.0,1
CPP_negative_207,6.0,0.0,0.0,0.0,0
CPP_positive_208,7.0,1.0,1.0,0.0,1
CPP_negative_209,5.0,0.0,0.0,0.0,0
CPP_positive_210,4.0,0.0,1.0,0.0,1
CPP_positive_211,9.0,0.0,1.0,0.0,1
CPP_negative_212,10.0,0.0,0.0,0.0,0
CPP_negative_213,4.0,0.0,1.0,0.0,0
CPP_negative_214,3.0,1.0,1.0,0.0,0
CPP_negative_215,5.0,0.0,0.0,0.0,0
CPP_positive_216,4.0,0.0,0.0,0.0,1
CPP_positive_217,6.0,0.0,1.0,0.0,1
CPP_negative_218,3.0,0.0,1.0,0.0,0
CPP_positive_219,5.0,1.0,0.0,0.0,1
CPP_positive_220,5.0,0.0,0.0,0.0,1
CPP_negative_221,7.0,0.0,0.0,0.0,0
CPP_negative_222,4.0,1.0,0.0,0.0,0
CPP_positive_223,5.0,0.0,0.0,0.0,1
CPP_negative_224,5.0,1.0,0.0,0.0,0
CPP_negative_225,6.0,0.0,0.0,0.0,0
CPP_negative_226,4.0,0.0,0.0,0.0,0
CPP_negative_227,13.0,0.0,0.0,0.0,0
CPP_negative_228,7.0,0.0,0.0,0.0,0
CPP_positive_229,5.0,1.0,0.0,0.0,1
CPP_negative_230,7.0,0.0,0.0,0.0,0
CPP_negative_231,4.0,0.0,0.0,0.0,0
CPP_positive_232,2.0,1.0,1.0,0.0,1
CPP_negative_233,6.0,0.0,0.0,0.0,0
CPP_positive_234,5.0,0.0,0.0,0.0,1
CPP_positive_235,6.0,0.0,0.0,1.0,1
CPP_positive_236,7.0,0.0,2.0,0.0,1
CPP_positive_237,3.0,0.0,0.0,0.0,1
CPP_positive_238,6.0,0.0,0.0,0.0,1
CPP_negative_239,8.0,1.0,0.0,0.0,0
CPP_positive_240,7.0,2.0,0.0,1.0,1
CPP_negative_241,7.0,0.0,0.0,0.0,0
CPP_negative_242,4.0,0.0,0.0,0.0,0
CPP_positive_243,3.0,2.0,0.0,0.0,1
CPP_negative_244,3.0,1.0,0.0,0.0,0
CPP_negative_245,7.0,0.0,0.0,0.0,0
CPP_negative_246,4.0,0.0,0.0,0.0,0
CPP_negative_247,6.0,0.0,0.0,0.0,0
CPP_positive_248,2.0,1.0,1.0,0.0,1
CPP_negative_249,4.0,0.0,0.0,0.0,0
CPP_positive_250,4.0,0.0,1.0,0.0,1
CPP_positive_251,6.0,0.0,0.0,0.0,1
CPP_negative_252,5.0,0.0,0.0,0.0,0
CPP_negative_253,7.0,0.0,0.0,0.0,0
CPP_negative_254,8.0,0.0,0.0,0.0,0
CPP_negative_255,5.0,0.0,0.0,0.0,0
CPP_negative_256,4.0,0.0,0.0,0.0,0
CPP_negative_257,3.0,0.0,1.0,0.0,0
CPP_negative_258,5.0,0.0,0.0,0.0,0
CPP_positive_259,8.0,0.0,0.0,0.0,1
CPP_positive_260,12.0,0.0,0.0,0.0,1
CPP_positive_261,9.0,0.0,0.0,0.0,1
CPP_negative_262,9.0,1.0,0.0,0.0,0
CPP_positive_263,5.0,0.0,1.0,0.0,1
CPP_positive_264,5.0,0.0,0.0,0.0,1
CPP_negative_265,7.0,0.0,0.0,0.0,0
CPP_positive_266,6.0,0.0,0.0,0.0,1
CPP_positive_267,6.0,1.0,0.0,0.0,1
CPP_positive_268,4.0,0.0,0.0,0.0,1
CPP_negative_269,6.0,0.0,0.0,0.0,0
CPP_negative_270,13.0,0.0,0.0,0.0,0
CPP_negative_271,4.0,0.0,0.0,0.0,0
CPP_negative_272,4.0,0.0,1.0,0.0,0
CPP_positive_273,3.0,0.0,0.0,0.0,1
CPP_negative_274,7.0,0.0,1.0,0.0,0
CPP_negative_275,5.0,0.0,1.0,0.0,0
CPP_negative_276,10.0,0.0,0.0,0.0,0
CPP_negative_277,2.0,1.0,1.0,0.0,0
CPP_positive_278,4.0,1.0,2.0,0.0,1
CPP_positive_279,3.0,0.0,1.0,0.0,1
CPP_positive_280,3.0,0.0,0.0,0.0,1
CPP_positive_281,6.0,0.0,0.0,0.0,1
CPP_negative_282,4.0,1.0,0.0,0.0,0
CPP_positive_283,4.0,0.0,2.0,0.0,1
CPP_negative_284,4.0,0.0,0.0,0.0,0
CPP_positive_285,9.0,0.0,0.0,0.0,1
CPP_negative_286,4.0,1.0,0.0,0.0,0
CPP_positive_287,5.0,0.0,0.0,0.0,1
CPP_negative_288,14.0,0.0,0.0,0.0,0
CPP_positive_289,4.0,0.0,0.0,0.0,1
CPP_negative_290,9.0,0.0,1.0,0.0,0
CPP_positive_291,5.0,0.0,0.0,0.0,1
CPP_negative_292,5.0,1.0,0.0,0.0,0
CPP_negative_293,5.0,0.0,1.0,0.0,0
CPP_positive_294,4.0,0.0,1.0,0.0,1
CPP_positive_295,2.0,1.0,0.0,0.0,1
CPP_positive_296,6.0,0.0,0.0,0.0,1
CPP_negative_297,4.0,1.0,0.0,0.0,0
CPP_positive_298,11.0,1.0,0.0,0.0,1
CPP_positive_299,4.0,0.0,0.0,0.0,1
CPP_negative_300,6.0,0.0,0.0,0.0,0
CPP_negative_301,5.0,1.0,0.0,0.0,0
CPP_positive_302,4.0,0.0,0.0,0.0,1
CPP_positive_303,5.0,0.0,0.0,0.0,1
CPP_positive_304,5.0,0.0,0.0,0.0,1
CPP_positive_305,8.0,1.0,0.0,0.0,1
CPP_negative_306,6.0,0.0,0.0,0.0,0
CPP_negative_307,4.0,0.0,0.0,0.0,0
CPP_positive_308,8.0,0.0,0.0,0.0,1
CPP_negative_309,3.0,1.0,0.0,0.0,0
CPP_negative_310,8.0,0.0,1.0,0.0,0
CPP_positive_311,3.0,0.0,0.0,0.0,1
CPP_positive_312,4.0,1.0,0.0,0.0,1
CPP_negative_313,4.0,0.0,0.0,0.0,0
CPP_positive_314,3.0,0.0,1.0,0.0,1
CPP_positive_315,4.0,0.0,2.0,0.0,1
CPP_positive_316,10.0,0.0,0.0,0.0,1
CPP_positive_317,5.0,0.0,0.0,0.0,1
CPP_negative_318,9.0,0.0,0.0,0.0,0
CPP_negative_319,4.0,0.0,0.0,0.0,0
CPP_negative_320,4.0,0.0,0.0,0.0,0
CPP_negative_321,8.0,0.0,0.0,0.0,0
CPP_positive_322,8.0,1.0,0.0,0.0,1
CPP_negative_323,9.0,1.0,1.0,0.0,0
CPP_positive_324,6.0,0.0,0.0,0.0,1
CPP_negative_325,8.0,0.0,0.0,0.0,0
CPP_positive_326,6.0,1.0,1.0,0.0,1
CPP_positive_327,12.0,1.0,0.0,0.0,1
CPP_negative_328,4.0,0.0,0.0,0.0,0
CPP_positive_329,7.0,0.0,0.0,0.0,1
CPP_positive_330,8.0,0.0,0.0,0.0,1
CPP_negative_331,4.0,0.0,0.0,0.0,0
CPP_positive_332,8.0,0.0,0.0,0.0,1
CPP_negative_333,4.0,0.0,0.0,0.0,0
CPP_positive_334,5.0,0.0,0.0,0.0,1
CPP_negative_335,6.0,0.0,0.0,0.0,0
CPP_negative_336,5.0,1.0,1.0,0.0,0
CPP_positive_337,8.0,0.0,0.0,0.0,1
CPP_positive_338,10.0,1.0,0.0,0.0,1
CPP_positive_339,4.0,0.0,0.0,0.0,1
CPP_negative_340,7.0,0.0,0.0,0.0,0
CPP_negative_341,4.0,0.0,0.0,0.0,0
CPP_negative_342,9.0,0.0,0.0,0.0,0
CPP_negative_343,6.0,0.0,0.0,0.0,0
CPP_positive_344,6.0,0.0,0.0,0.0,1
CPP_negative_345,10.0,0.0,0.0,0.0,0
CPP_negative_346,0.0,2.0,3.0,0.0,0
CPP_positive_347,5.0,0.0,0.0,0.0,1
CPP_positive_348,5.0,0.0,0.0,0.0,1
CPP_negative_349,14.0,0.0,0.0,0.0,0
CPP_negative_350,8.0,0.0,0.0,0.0,0
CPP_positive_351,5.0,0.0,0.0,0.0,1
CPP_positive_352,8.0,0.0,0.0,0.0,1
CPP_positive_353,6.0,0.0,0.0,0.0,1
CPP_positive_354,8.0,1.0,0.0,0.0,1
CPP_negative_355,4.0,0.0,0.0,0.0,0
CPP_positive_356,5.0,0.0,0.0,0.0,1
CPP_negative_357,7.0,0.0,0.0,0.0,0
CPP_negative_358,3.0,1.0,1.0,0.0,0
CPP_negative_359,4.0,0.0,0.0,0.0,0
CPP_positive_360,9.0,0.0,0.0,0.0,1
CPP_positive_361,4.0,0.0,0.0,0.0,1
CPP_positive_362,12.0,0.0,0.0,0.0,1
CPP_negative_363,17.0,0.0,0.0,0.0,0
CPP_negative_364,4.0,0.0,0.0,0.0,0
CPP_positive_365,4.0,0.0,0.0,0.0,1
CPP_positive_366,3.0,0.0,0.0,0.0,1
CPP_positive_367,6.0,0.0,0.0,0.0,1
CPP_positive_368,6.0,0.0,0.0,0.0,1
CPP_positive_369,3.0,0.0,1.0,0.0,1
CPP_positive_370,5.0,0.0,0.0,0.0,1
CPP_positive_371,6.0,0.0,1.0,0.0,1
CPP_positive_372,10.0,0.0,0.0,0.0,1
CPP_negative_373,5.0,0.0,0.0,0.0,0
CPP_positive_374,5.0,0.0,1.0,0.0,1
CPP_positive_375,8.0,0.0,1.0,0.0,1
CPP_negative_376,5.0,0.0,0.0,0.0,0
CPP_negative_377,4.0,0.0,0.0,0.0,0
CPP_negative_378,16.0,0.0,0.0,0.0,0
CPP_positive_379,7.0,0.0,0.0,0.0,1
CPP_positive_380,8.0,0.0,2.0,1.0,1
CPP_positive_381,3.0,0.0,0.0,0.0,1
CPP_positive_382,6.0,1.0,0.0,0.0,1
CPP_negative_383,13.0,0.0,0.0,0.0,0
CPP_positive_384,6.0,0.0,0.0,0.0,1
CPP_negative_385,7.0,0.0,0.0,0.0,0
CPP_positive_386,4.0,0.0,0.0,0.0,1
CPP_positive_387,6.0,0.0,0.0,0.0,1
CPP_positive_388,9.0,0.0,0.0,0.0,1
CPP_negative_389,6.0,0.0,0.0,0.0,0
CPP_positive_390,6.0,0.0,0.0,0.0,1
CPP_negative_391,4.0,0.0,0.0,0.0,0
CPP_negative_392,4.0,0.0,0.0,0.0,0
CPP_positive_393,6.0,0.0,0.0,0.0,1
CPP_negative_394,9.0,0.0,0.0,0.0,0
CPP_positive_395,7.0,0.0,0.0,0.0,1
CPP_positive_396,4.0,0.0,0.0,0.0,1
CPP_positive_397,5.0,0.0,0.0,0.0,1
CPP_positive_398,6.0,0.0,0.0,0.0,1
CPP_positive_399,7.0,0.0,1.0,0.0,1
CPP_positive_400,4.0,0.0,0.0,0.0,1
CPP_positive_401,4.0,0.0,0.0,0.0,1
CPP_positive_402,9.0,0.0,0.0,0.0,1
CPP_positive_403,3.0,1.0,0.0,0.0,1
CPP_positive_404,9.0,0.0,0.0,0.0,1
CPP_negative_405,9.0,0.0,0.0,0.0,0
CPP_negative_406,6.0,0.0,0.0,0.0,0
CPP_positive_407,4.0,0.0,0.0,0.0,1
CPP_negative_408,10.0,0.0,0.0,0.0,0
CPP_negative_409,11.0,0.0,0.0,0.0,0
CPP_negative_410,7.0,0.0,0.0,0.0,0
CPP_positive_411,4.0,1.0,0.0,0.0,1
CPP_positive_412,12.0,0.0,0.0,0.0,1
CPP_negative_413,9.0,0.0,0.0,0.0,0
CPP_positive_414,6.0,0.0,0.0,0.0,1
CPP_positive_415,4.0,0.0,0.0,0.0,1
CPP_positive_416,6.0,0.0,0.0,0.0,1
CPP_positive_417,11.0,0.0,0.0,0.0,1
CPP_negative_418,5.0,0.0,0.0,0.0,0
CPP_positive_419,12.0,0.0,1.0,0.0,1
CPP_positive_420,7.0,0.0,0.0,0.0,1
CPP_positive_421,5.0,1.0,0.0,0.0,1
CPP_positive_422,5.0,1.0,0.0,0.0,1
CPP_negative_423,5.0,0.0,0.0,0.0,0
CPP_negative_424,6.0,0.0,0.0,0.0,0
CPP_positive_425,3.0,1.0,0.0,0.0,1
CPP_positive_426,8.0,1.0,1.0,0.0,1
CPP_negative_427,5.0,0.0,3.0,0.0,0
CPP_negative_428,5.0,1.0,0.0,0.0,0
CPP_negative_429,10.0,0.0,0.0,0.0,0
CPP_positive_430,5.0,0.0,0.0,0.0,1
CPP_positive_431,4.0,0.0,2.0,0.0,1
CPP_positive_432,4.0,0.0,0.0,0.0,1
CPP_negative_433,9.0,0.0,0.0,0.0,0
CPP_positive_434,4.0,0.0,0.0,0.0,1
CPP_positive_435,4.0,1.0,0.0,0.0,1
CPP_positive_436,10.0,0.0,0.0,0.0,1
CPP_negative_437,4.0,0.0,0.0,0.0,0
CPP_positive_438,16.0,3.0,0.0,0.0,1
CPP_negative_439,12.0,0.0,0.0,0.0,0
CPP_negative_440,12.0,0.0,0.0,0.0,0
CPP_negative_441,5.0,0.0,1.0,0.0,0
CPP_positive_442,7.0,0.0,0.0,0.0,1
CPP_positive_443,9.0,2.0,0.0,0.0,1
CPP_negative_444,4.0,0.0,0.0,0.0,0
CPP_positive_445,10.0,2.0,0.0,0.0,1
CPP_positive_446,5.0,0.0,1.0,0.0,1
CPP_positive_447,5.0,0.0,0.0,0.0,1
CPP_positive_448,8.0,0.0,0.0,0.0,1
CPP_positive_449,9.0,1.0,2.0,0.0,1
CPP_negative_450,6.0,0.0,0.0,0.0,0
CPP_positive_451,2.0,1.0,0.0,0.0,1
CPP_negative_452,4.0,0.0,0.0,0.0,0
CPP_negative_453,7.0,0.0,0.0,0.0,0
CPP_positive_454,3.0,0.0,0.0,1.0,1
CPP_positive_455,3.0,0.0,1.0,0.0,1
CPP_negative_456,6.0,0.0,0.0,0.0,0
CPP_negative_457,6.0,0.0,0.0,0.0,0
CPP_positive_458,11.0,0.0,0.0,0.0,1
CPP_negative_459,0.0,4.0,0.0,0.0,0
CPP_negative_460,4.0,0.0,0.0,0.0,0
CPP_negative_461,7.0,1.0,0.0,0.0,0
CPP_negative_462,10.0,0.0,0.0,0.0,0
CPP_positive_463,4.0,0.0,0.0,0.0,1
CPP_positive_464,7.0,0.0,0.0,0.0,1
CPP_positive_465,10.0,1.0,1.0,0.0,1
CPP_negative_466,5.0,0.0,0.0,0.0,0
CPP_negative_467,3.0,1.0,0.0,0.0,0
CPP_negative_468,4.0,0.0,0.0,0.0,0
CPP_negative_469,4.0,0.0,0.0,0.0,0
CPP_positive_470,5.0,0.0,0.0,0.0,1
CPP_positive_471,7.0,1.0,1.0,0.0,1
CPP_positive_472,7.0,0.0,0.0,0.0,1
CPP_positive_473,14.0,0.0,0.0,0.0,1
CPP_negative_474,10.0,0.0,0.0,0.0,0
CPP_negative_475,6.0,2.0,0.0,0.0,0
CPP_negative_476,9.0,1.0,0.0,0.0,0
CPP_positive_477,8.0,0.0,0.0,0.0,1
CPP_negative_478,12.0,0.0,0.0,0.0,0
CPP_positive_479,5.0,2.0,1.0,0.0,1
CPP_negative_480,4.0,0.0,0.0,0.0,0
CPP_positive_481,10.0,1.0,0.0,0.0,1
CPP_positive_482,6.0,0.0,1.0,0.0,1
CPP_negative_483,7.0,0.0,0.0,0.0,0
CPP_positive_484,6.0,0.0,0.0,0.0,1
CPP_negative_485,8.0,0.0,0.0,0.0,0
CPP_negative_486,13.0,0.0,0.0,0.0,0
CPP_negative_487,2.0,1.0,1.0,1.0,0
CPP_negative_488,6.0,0.0,0.0,0.0,0
CPP_negative_489,10.0,0.0,0.0,0.0,0
CPP_positive_490,10.0,1.0,0.0,0.0,1
CPP_negative_491,8.0,0.0,0.0,0.0,0
CPP_negative_492,9.0,0.0,0.0,0.0,0
CPP_positive_493,6.0,0.0,0.0,0.0,1
CPP_negative_494,3.0,1.0,0.0,0.0,0
CPP_negative_495,5.0,0.0,0.0,0.0,0
CPP_negative_496,6.0,0.0,0.0,0.0,0
CPP_negative_497,2.0,1.0,1.0,0.0,0
CPP_positive_498,4.0,0.0,0.0,0.0,1
CPP_positive_499,4.0,1.0,0.0,1.0,1
CPP_positive_500,4.0,0.0,0.0,0.0,1
CPP_positive_501,7.0,0.0,0.0,0.0,1
CPP_positive_502,8.0,0.0,0.0,0.0,1
CPP_positive_503,8.0,0.0,0.0,0.0,1
CPP_positive_504,5.0,0.0,0.0,0.0,1
CPP_negative_505,6.0,0.0,0.0,0.0,0
CPP_positive_506,4.0,0.0,1.0,0.0,1
CPP_positive_507,8.0,0.0,0.0,0.0,1
CPP_positive_508,6.0,0.0,0.0,0.0,1
CPP_positive_509,4.0,1.0,0.0,0.0,1
CPP_positive_510,10.0,0.0,1.0,0.0,1
CPP_negative_511,4.0,0.0,0.0,0.0,0
CPP_positive_512,5.0,0.0,1.0,0.0,1
CPP_negative_513,7.0,0.0,0.0,0.0,0
CPP_negative_514,5.0,0.0,1.0,0.0,0
CPP_positive_515,6.0,0.0,0.0,0.0,1
CPP_positive_516,8.0,0.0,0.0,0.0,1
CPP_positive_517,8.0,0.0,0.0,0.0,1
CPP_positive_518,9.0,0.0,0.0,0.0,1
CPP_positive_519,8.0,0.0,0.0,0.0,1
CPP_negative_520,8.0,0.0,0.0,0.0,0
CPP_negative_521,8.0,0.0,1.0,0.0,0
CPP_negative_522,12.0,0.0,0.0,0.0,0
CPP_negative_523,4.0,0.0,0.0,0.0,0
CPP_negative_524,6.0,0.0,0.0,0.0,0
CPP_negative_525,7.0,0.0,0.0,0.0,0
CPP_negative_526,4.0,0.0,0.0,0.0,0
CPP_negative_527,10.0,0.0,0.0,0.0,0
CPP_negative_528,6.0,0.0,0.0,0.0,0
CPP_negative_529,5.0,1.0,0.0,0.0,0
CPP_negative_530,4.0,0.0,0.0,0.0,0
CPP_positive_531,3.0,0.0,0.0,0.0,1
CPP_negative_532,8.0,0.0,0.0,0.0,0
CPP_positive_533,7.0,0.0,0.0,0.0,1
CPP_positive_534,5.0,1.0,0.0,0.0,1
CPP_positive_535,6.0,0.0,1.0,0.0,1
CPP_positive_536,7.0,0.0,0.0,0.0,1
CPP_positive_537,4.0,0.0,0.0,0.0,1
CPP_negative_538,6.0,0.0,1.0,0.0,0
CPP_positive_539,5.0,0.0,0.0,0.0,1
CPP_negative_540,3.0,0.0,1.0,0.0,0
CPP_negative_541,8.0,0.0,0.0,0.0,0
CPP_positive_542,4.0,0.0,0.0,0.0,1
CPP_negative_543,6.0,0.0,0.0,0.0,0
CPP_positive_544,3.0,0.0,2.0,0.0,1
CPP_positive_545,6.0,0.0,0.0,0.0,1
CPP_negative_546,7.0,1.0,1.0,0.0,0
CPP_negative_547,4.0,0.0,0.0,0.0,0
CPP_positive_548,3.0,0.0,1.0,0.0,1
CPP_negative_549,12.0,0.0,0.0,0.0,0
CPP_negative_550,2.0,1.0,2.0,0.0,0
CPP_negative_551,3.0,1.0,1.0,0.0,0
CPP_negative_552,4.0,1.0,0.0,0.0,0
CPP_positive_553,3.0,0.0,1.0,0.0,1
CPP_positive_554,6.0,0.0,0.0,0.0,1
CPP_positive_555,5.0,0.0,0.0,0.0,1
CPP_positive_556,5.0,0.0,0.0,0.0,1
CPP_positive_557,4.0,1.0,0.0,0.0,1
CPP_negative_558,6.0,0.0,0.0,0.0,0
CPP_negative_559,7.0,0.0,0.0,0.0,0
CPP_negative_560,10.0,0.0,1.0,0.0,0
CPP_positive_561,8.0,1.0,0.0,0.0,1
CPP_negative_562,5.0,0.0,0.0,0.0,0
CPP_negative_563,9.0,0.0,0.0,0.0,0
CPP_negative_564,4.0,0.0,0.0,0.0,0
CPP_positive_565,6.0,0.0,0.0,0.0,1
CPP_negative_566,8.0,1.0,1.0,0.0,0
CPP_negative_567,9.0,0.0,0.0,0.0,0
CPP_negative_568,6.0,0.0,0.0,0.0,0
CPP_negative_569,6.0,0.0,0.0,0.0,0
CPP_negative_570,6.0,0.0,0.0,0.0,0
CPP_negative_571,13.0,0.0,0.0,0.0,0
CPP_positive_572,4.0,0.0,0.0,0.0,1
CPP_positive_573,6.0,0.0,0.0,0.0,1
CPP_negative_574,3.0,1.0,2.0,1.0,0
CPP_negative_575,7.0,0.0,0.0,0.0,0
CPP_positive_576,5.0,0.0,1.0,0.0,1
CPP_positive_577,9.0,0.0,1.0,0.0,1
CPP_negative_578,14.0,0.0,0.0,0.0,0
CPP_negative_579,13.0,0.0,0.0,0.0,0
CPP_negative_580,4.0,0.0,0.0,0.0,0
CPP_positive_581,9.0,0.0,0.0,0.0,1
CPP_positive_582,11.0,1.0,1.0,0.0,1
CPP_negative_583,7.0,0.0,0.0,0.0,0
CPP_positive_584,11.0,0.0,0.0,0.0,1
CPP_negative_585,5.0,0.0,0.0,0.0,0
CPP_negative_586,9.0,0.0,1.0,0.0,0
CPP_negative_587,8.0,0.0,0.0,0.0,0
CPP_negative_588,10.0,0.0,0.0,0.0,0
CPP_positive_589,5.0,3.0,0.0,0.0,1
CPP_negative_590,4.0,0.0,0.0,0.0,0
CPP_negative_591,6.0,0.0,0.0,0.0,0
CPP_negative_592,6.0,0.0,0.0,0.0,0
CPP_negative_593,6.0,0.0,0.0,0.0,0
CPP_positive_594,12.0,1.0,0.0,0.0,1
CPP_negative_595,12.0,0.0,0.0,0.0,0
CPP_negative_596,4.0,1.0,1.0,0.0,0
CPP_negative_597,4.0,0.0,0.0,0.0,0
CPP_positive_598,3.0,0.0,0.0,0.0,1
CPP_negative_599,5.0,1.0,0.0,0.0,0
CPP_negative_600,4.0,0.0,1.0,0.0,0
CPP_positive_601,7.0,0.0,0.0,0.0,1
CPP_positive_602,4.0,1.0,0.0,0.0,1
CPP_negative_603,6.0,0.0,0.0,0.0,0
CPP_positive_604,6.0,1.0,0.0,0.0,1
CPP_positive_605,5.0,0.0,0.0,0.0,1
CPP_negative_606,5.0,0.0,0.0,0.0,0
CPP_negative_607,4.0,0.0,0.0,0.0,0
CPP_negative_608,7.0,0.0,0.0,0.0,0
CPP_positive_609,6.0,0.0,0.0,0.0,1
CPP_negative_610,4.0,1.0,0.0,0.0,0
CPP_positive_611,11.0,0.0,0.0,0.0,1
CPP_positive_612,5.0,0.0,0.0,0.0,1
CPP_negative_613,4.0,0.0,0.0,0.0,0
CPP_positive_614,3.0,0.0,0.0,0.0,1
CPP_negative_615,3.0,1.0,0.0,0.0,0
CPP_negative_616,6.0,0.0,0.0,0.0,0
CPP_negative_617,4.0,0.0,0.0,0.0,0
CPP_positive_618,3.0,1.0,0.0,0.0,1
CPP_positive_619,6.0,0.0,0.0,0.0,1
CPP_negative_620,3.0,0.0,1.0,0.0,0
CPP_negative_621,4.0,0.0,0.0,0.0,0
CPP_positive_622,4.0,0.0,1.0,0.0,1
CPP_negative_623,4.0,0.0,0.0,0.0,0
CPP_positive_624,5.0,0.0,1.0,0.0,1
CPP_negative_625,9.0,0.0,0.0,0.0,0
CPP_negative_626,5.0,0.0,0.0,0.0,0
CPP_positive_627,11.0,0.0,0.0,0.0,1
CPP_positive_628,10.0,1.0,0.0,0.0,1
CPP_negative_629,8.0,0.0,1.0,0.0,0
CPP_positive_630,6.0,0.0,0.0,0.0,1
CPP_negative_631,7.0,0.0,2.0,0.0,0
CPP_positive_632,4.0,0.0,0.0,0.0,1
CPP_negative_633,4.0,0.0,0.0,0.0,0
CPP_positive_634,4.0,1.0,1.0,0.0,1
CPP_positive_635,8.0,2.0,0.0,0.0,1
CPP_negative_636,6.0,0.0,0.0,0.0,0
CPP_positive_637,5.0,0.0,0.0,0.0,1
CPP_negative_638,4.0,1.0,1.0,2.0,0
CPP_negative_639,5.0,0.0,0.0,0.0,0
CPP_negative_640,12.0,1.0,1.0,0.0,0
CPP_positive_641,8.0,1.0,1.0,0.0,1
CPP_negative_642,12.0,0.0,0.0,0.0,0
CPP_positive_643,7.0,0.0,0.0,0.0,1
CPP_negative_644,4.0,0.0,1.0,0.0,0
CPP_negative_645,2.0,1.0,0.0,1.0,0
CPP_negative_646,15.0,0.0,0.0,0.0,0
CPP_positive_647,5.0,0.0,0.0,0.0,1
CPP_positive_648,4.0,0.0,0.0,0.0,1
CPP_positive_649,6.0,0.0,0.0,0.0,1
CPP_negative_650,4.0,0.0,0.0,0.0,0
CPP_negative_651,13.0,0.0,0.0,0.0,0
CPP_negative_652,8.0,0.0,0.0,0.0,0
CPP_negative_653,11.0,0.0,0.0,0.0,0
CPP_positive_654,7.0,0.0,0.0,0.0,1
CPP_negative_655,6.0,0.0,0.0,0.0,0
CPP_negative_656,4.0,0.0,0.0,0.0,0
CPP_negative_657,11.0,0.0,0.0,0.0,0
CPP_negative_658,5.0,0.0,0.0,0.0,0
CPP_negative_659,6.0,0.0,0.0,0.0,0
CPP_positive_660,9.0,1.0,1.0,0.0,1
CPP_negative_661,6.0,1.0,0.0,0.0,0
CPP_negative_662,6.0,0.0,0.0,0.0,0
CPP_positive_663,5.0,0.0,0.0,0.0,1
CPP_negative_664,3.0,1.0,0.0,0.0,0
CPP_negative_665,5.0,0.0,0.0,0.0,0
CPP_negative_666,6.0,0.0,0.0,0.0,0
CPP_positive_667,7.0,1.0,0.0,0.0,1
CPP_positive_668,2.0,0.0,1.0,0.0,1
CPP_positive_669,4.0,0.0,0.0,1.0,1
CPP_negative_670,7.0,0.0,0.0,0.0,0
CPP_positive_671,10.0,0.0,1.0,0.0,1
CPP_negative_672,4.0,0.0,2.0,1.0,0
CPP_positive_673,7.0,1.0,0.0,1.0,1
CPP_negative_674,7.0,1.0,0.0,0.0,0
CPP_negative_675,5.0,0.0,0.0,0.0,0
CPP_positive_676,3.0,0.0,0.0,0.0,1
CPP_positive_677,4.0,0.0,1.0,0.0,1
CPP_positive_678,6.0,0.0,0.0,0.0,1
CPP_negative_679,5.0,0.0,0.0,0.0,0
CPP_negative_680,5.0,0.0,0.0,0.0,0
CPP_positive_681,6.0,0.0,0.0,0.0,1
CPP_positive_682,4.0,0.0,0.0,0.0,1
CPP_positive_683,5.0,0.0,0.0,0.0,1
CPP_positive_684,4.0,1.0,0.0,0.0,1
CPP_positive_685,6.0,0.0,0.0,0.0,1
CPP_negative_686,4.0,0.0,0.0,0.0,0
CPP_negative_687,7.0,0.0,0.0,0.0,0
CPP_negative_688,13.0,0.0,0.0,0.0,0
CPP_negative_689,3.0,1.0,1.0,0.0,0
CPP_positive_690,6.0,0.0,0.0,0.0,1
CPP_positive_691,8.0,0.0,1.0,0.0,1
CPP_positive_692,11.0,1.0,1.0,0.0,1
CPP_negative_693,5.0,0.0,0.0,0.0,0
CPP_negative_694,11.0,0.0,0.0,0.0,0
CPP_positive_695,10.0,0.0,1.0,0.0,1
CPP_negative_696,10.0,0.0,0.0,0.0,0
CPP_negative_697,10.0,1.0,1.0,0.0,0
CPP_positive_698,10.0,0.0,0.0,0.0,1
CPP_positive_699,5.0,0.0,0.0,0.0,1
CPP_positive_700,7.0,1.0,0.0,0.0,1
CPP_negative_701,9.0,0.0,0.0,0.0,0
CPP_positive_702,5.0,1.0,1.0,0.0,1
CPP_negative_703,6.0,0.0,0.0,0.0,0
CPP_positive_704,10.0,0.0,0.0,0.0,1
CPP_positive_705,5.0,0.0,0.0,0.0,1
CPP_positive_706,5.0,0.0,1.0,0.0,1
CPP_positive_707,10.0,0.0,0.0,0.0,1
CPP_positive_708,13.0,0.0,0.0,0.0,1
CPP_negative_709,4.0,0.0,0.0,0.0,0
CPP_negative_710,13.0,0.0,0.0,0.0,0
CPP_positive_711,2.0,1.0,1.0,0.0,1
CPP_positive_712,4.0,0.0,0.0,0.0,1
CPP_positive_713,6.0,0.0,0.0,0.0,1
CPP_negative_714,9.0,0.0,0.0,0.0,0
CPP_negative_715,3.0,1.0,0.0,0.0,0
CPP_positive_716,4.0,1.0,0.0,0.0,1
CPP_positive_717,5.0,0.0,0.0,0.0,1
CPP_negative_718,7.0,0.0,0.0,0.0,0
CPP_positive_719,3.0,1.0,1.0,0.0,1
CPP_positive_720,8.0,0.0,0.0,0.0,1
CPP_positive_721,7.0,0.0,0.0,0.0,1
CPP_negative_722,10.0,0.0,0.0,0.0,0
CPP_positive_723,7.0,0.0,0.0,1.0,1
CPP_negative_724,10.0,0.0,0.0,0.0,0
CPP_negative_725,4.0,0.0,0.0,0.0,0
CPP_positive_726,5.0,0.0,1.0,0.0,1
CPP_positive_727,8.0,0.0,0.0,0.0,1
CPP_positive_728,9.0,0.0,0.0,0.0,1
CPP_negative_729,9.0,0.0,0.0,0.0,0
CPP_positive_730,4.0,1.0,0.0,0.0,1
CPP_positive_731,4.0,0.0,0.0,0.0,1
CPP_positive_732,6.0,0.0,0.0,0.0,1
CPP_negative_733,19.0,0.0,1.0,0.0,0
